country_of_residence,area_type,age_group,annual_income_range_(in_local_currency_equivalent)_please_refer_your_country's_avg._national_income,occupation,do_you_currently_own_a_vehicle,what_type_of_vehicle_do_you_currently_own,"if_you_own_an_ev,_mention_your_ev_brand","if_you_do_not_own_an_ev,_are_you_considering_buying_one_in_the_next_2–3_years",average_daily_driving_distance,lower_running_cost,environmental_benefits,government_incentives___subsidies,rising_fuel_prices,advanced_technology_&_features,brand_reputation,charging_convenience,evs_are_too_expensive,charging_infrastructure_is_insufficient,battery_replacement_cost_is_high,driving_range_is_inadequate,charging_time_is_too_long,ev_resale_value_is_uncertain,limited_service_centers,preferred_ev_price_range,minimum_acceptable_driving_range_per_charge,important_factors_when_choosing_an_ev,have_you_ever_sold_or_considered_selling_an_ev,primary_reason_for_resale___consideration,do_you_believe_evs_depreciate_faster_than_petrol_or_diesel_vehicles,does_strong_ev_sales_increase_your_trust_in_a_company,would_declining_ev_sales_reduce_your_confidence_in_an_ev_company’s_future,ev_motivation_score,ev_barrier_score,factor_price,factor_range,factor_brand,factor_design,factor_charging,ev_adoption_score,ev_readiness_score
India,3,4.0,Above average national income,Business owner / Self-employed,1.0,Petrol / Diesel,none,1.0,3,,1.0,1.0,1.0,1.0,1.0,1.0,1.0,5.0,5.0,5.0,5.0,5.0,5.0,,4,Price,0.0,not_applicable,5,1,1,1.0,4.430597239153321,1,0,0,0,0,-3.428571428571429,1.0
India,3,4.0,Above average national income,Salaried employee,1.0,Petrol / Diesel,none,1.0,2,,,,,,,,4.0,5.0,5.0,4.0,5.0,4.0,5.0,2.0,4,Price;Driving range;Charging speed;Brand;Design & comfort,0.0,not_applicable,4,5,5,,4.681731416011714,1,1,1,1,1,,
India,3,4.0,Above average national income,Business owner / Self-employed,1.0,Petrol / Diesel,none,0.5,1,,,,,,,,,,,1.0,1.0,1.0,1.0,2.0,4,Driving range;Charging speed;Design & comfort,,not_applicable,1,1,1,,1.0,0,1,0,1,1,,
India,1,4.0,Above average national income,Salaried employee,1.0,Petrol / Diesel,none,1.0,3,,,,,,,,1.0,4.0,4.0,3.0,4.0,4.0,4.0,,1,Driving range,,not_applicable,4,4,3,,3.3980535974228396,0,1,0,0,0,,
India,3,,Prefer not to say,Retired,1.0,Petrol / Diesel,none,0.5,1,,,,,,,,,,,,,,,2.0,4,Price;Driving range;Charging speed;Design & comfort,,not_applicable,4,4,3,,,1,1,0,1,1,,
Canada,3,4.0,Average national income,Salaried employee,0.0,Petrol / Diesel,Tesla,0.5,3,,,,,,,,3.0,3.0,4.0,3.0,3.0,5.0,5.0,2.0,4,Price;Driving range;Charging speed;Brand;Design & comfort,0.0,not_applicable,3,4,5,,3.4414669279207106,1,1,1,1,1,,
India,3,4.0,Above average national income,Salaried employee,1.0,Petrol / Diesel,Hyundai,0.0,2,1.0,3.0,3.0,3.0,3.0,3.0,2.0,1.0,1.0,1.0,1.0,1.0,1.0,1.0,,2,Price;Charging speed;Brand,0.0,Financial reasons,1,3,3,2.400715080203118,1.1996680279241758,1,0,1,0,1,1.5714285714285716,1.4647298542204552
India,3,2.0,Average national income,Homemaker,1.0,Petrol / Diesel,none,0.5,1,3.0,4.0,3.0,4.0,5.0,3.0,2.0,3.0,5.0,5.0,2.0,5.0,5.0,5.0,2.0,1,Price;Charging speed;Brand;Design & comfort,0.0,Charging inconvenience,5,3,5,3.697380571756434,4.560407961064124,1,0,1,1,1,-0.8571428571428572,1.0
India,3,4.0,Above average national income,Business owner / Self-employed,1.0,Petrol / Diesel,none,1.0,3,,1.0,1.0,1.0,1.0,1.0,1.0,1.0,5.0,5.0,5.0,5.0,5.0,5.0,,4,Price,0.0,not_applicable,5,1,1,1.1104590997073795,4.234630663787742,1,0,0,0,0,-3.428571428571429,1.0
United States,2,4.0,Average national income,Salaried employee,1.0,Hybrid,none,0.5,1,5.0,4.0,4.0,3.0,2.0,5.0,5.0,3.0,4.0,4.0,2.0,3.0,3.0,4.0,,4,Design & comfort,0.0,Dissatisfaction with performance,3,3,3,3.9337052974941074,3.4494320115922696,0,0,0,1,0,0.7142857142857144,1.0
India,1,4.0,Average national income,Salaried employee,1.0,Petrol / Diesel,none,1.0,1,5.0,5.0,5.0,5.0,5.0,5.0,5.0,5.0,5.0,5.0,5.0,5.0,5.0,5.0,2.0,2,Design & comfort,0.0,Dissatisfaction with performance,5,5,5,5.0,4.6697431870586374,0,0,0,1,0,0.0,1.0
India,3,4.0,Above average national income,Salaried employee,1.0,Petrol / Diesel,none,0.5,2,,,,,,,,3.0,5.0,4.0,3.0,3.0,4.0,5.0,2.0,2,Price;Driving range;Charging speed,0.0,not_applicable,4,3,4,,3.8370743663405844,1,1,0,0,1,,
India,3,4.0,Above average national income,Salaried employee,1.0,Petrol / Diesel,none,0.5,2,,,,,,,,3.0,5.0,4.0,3.0,3.0,4.0,5.0,2.0,2,Price;Driving range;Charging speed,0.0,not_applicable,4,3,4,,3.6871435948398394,1,1,0,0,1,,
Canada,2,2.0,Average national income,Salaried employee,1.0,Petrol / Diesel,Kia,0.0,3,5.0,3.0,3.0,5.0,5.0,1.0,5.0,2.0,4.0,5.0,5.0,5.0,5.0,4.0,2.0,4,Price;Driving range;Charging speed;Design & comfort,0.0,Dissatisfaction with performance,5,1,5,3.9515190987442463,4.367199273377629,1,1,0,1,1,-0.4285714285714284,1.0
India,2,1.0,Average national income,Other,1.0,Petrol / Diesel,none,0.5,2,,,,,,,,2.0,4.0,4.0,4.0,4.0,3.0,4.0,,2,Price;Driving range;Charging speed;Brand;Design & comfort,,not_applicable,2,4,4,,3.6193377821916606,1,1,1,1,1,,
India,3,2.0,Below average national income,Business owner / Self-employed,1.0,Electric Vehicle (EV),Ather,0.5,2,5.0,5.0,5.0,5.0,5.0,5.0,5.0,3.0,3.0,4.0,2.0,3.0,4.0,3.0,,4,Price;Driving range;Charging speed;Brand;Design & comfort,0.0,not_applicable,1,3,4,5.0,3.3529023924476173,1,1,1,1,1,1.8571428571428572,1.4925010632518578
Uganda,2,,Above average national income,Salaried employee,1.0,Petrol / Diesel,none,0.0,4,,,,,,,,3.0,3.0,1.0,2.0,3.0,1.0,2.0,,2,Driving range,,not_applicable,1,4,1,,2.227284431773702,0,1,0,0,0,,
India,3,2.0,Above average national income,Salaried employee,1.0,Petrol / Diesel,none,1.0,3,3.0,5.0,2.0,4.0,4.0,5.0,4.0,3.0,1.0,5.0,4.0,3.0,5.0,5.0,,2,Driving range;Charging speed;Design & comfort,0.0,not_applicable,5,3,3,3.964241570106763,3.762095023817843,0,1,0,1,1,0.1428571428571428,1.0
India,2,4.0,Above average national income,Salaried employee,1.0,Petrol / Diesel,none,0.5,1,,,,,,,,1.0,4.0,5.0,4.0,1.0,2.0,4.0,,1,Price;Driving range;Brand;Design & comfort,,not_applicable,3,4,5,,3.1222189493990657,1,1,1,1,0,,
India,3,4.0,Average national income,Other,1.0,Petrol / Diesel,Ford,0.5,1,1.0,1.0,1.0,5.0,1.0,1.0,1.0,1.0,1.0,1.0,1.0,1.0,1.0,1.0,,1,Design & comfort,0.0,Dissatisfaction with performance,1,1,1,1.7181668296754986,1.0,0,0,0,1,0,0.5714285714285714,1.0
India,2,2.0,Above average national income,Business owner / Self-employed,1.0,Petrol / Diesel,none,1.0,1,5.0,5.0,5.0,5.0,5.0,5.0,5.0,4.0,5.0,5.0,3.0,5.0,5.0,5.0,,4,Driving range;Charging speed;Brand,0.0,not_applicable,5,5,5,5.0,4.877670763378639,0,1,1,0,1,0.4285714285714288,1.0
India,2,4.0,Above average national income,Homemaker,1.0,Petrol / Diesel,Hyundai,0.5,1,,,,,,,,2.0,5.0,5.0,4.0,5.0,5.0,5.0,2.0,3,Price;Driving range;Charging speed,0.0,Upgrade to newer model,3,5,5,,4.63976397769385,1,1,0,0,1,,
Canada,2,2.0,Average national income,Salaried employee,1.0,Petrol / Diesel,Kia,0.0,3,5.0,3.0,3.0,5.0,5.0,1.0,5.0,2.0,4.0,5.0,5.0,5.0,5.0,4.0,2.0,4,Price;Driving range;Charging speed;Design & comfort,0.0,Dissatisfaction with performance,5,1,5,3.6428095021487565,4.063076534313303,1,1,0,1,1,-0.4285714285714284,1.0
India,1,4.0,Prefer not to say,Business owner / Self-employed,1.0,Petrol / Diesel,none,1.0,1,1.0,1.0,5.0,1.0,1.0,1.0,1.0,5.0,3.0,1.0,1.0,1.0,5.0,1.0,,1,Price,0.0,not_applicable,5,1,5,1.4558253376311345,2.402675472970698,1,0,0,0,0,-0.857142857142857,1.0
India,1,2.0,Average national income,Business owner / Self-employed,1.0,Petrol / Diesel,none,0.0,2,5.0,5.0,5.0,5.0,5.0,5.0,5.0,3.0,5.0,5.0,3.0,3.0,4.0,4.0,,2,Price;Driving range;Charging speed;Brand;Design & comfort,0.0,Charging inconvenience,3,3,4,4.768237159298561,4.160646240756485,1,1,1,1,1,1.1428571428571428,1.0
India,3,4.0,Above average national income,Business owner / Self-employed,1.0,Petrol / Diesel,none,0.5,2,,,,,,,,3.0,3.0,3.0,3.0,3.0,3.0,3.0,2.0,2,Price;Driving range;Charging speed;Brand;Design & comfort,,not_applicable,3,4,3,,3.0774305601063316,1,1,1,1,1,,
India,2,4.0,Above average national income,Homemaker,1.0,Petrol / Diesel,Hyundai,0.5,1,,,,,,,,2.0,5.0,5.0,4.0,5.0,5.0,5.0,2.0,3,Price;Driving range;Charging speed,0.0,Upgrade to newer model,3,5,5,,4.067569260016626,1,1,0,0,1,,
India,3,4.0,Above average national income,Salaried employee,1.0,Petrol / Diesel,BYD,0.5,2,3.0,5.0,5.0,5.0,5.0,5.0,5.0,5.0,5.0,5.0,5.0,5.0,5.0,5.0,,4,Price;Driving range;Charging speed;Brand;Design & comfort,,not_applicable,5,4,4,4.761576872928532,4.911206298613249,1,1,1,1,1,-0.2857142857142856,1.0
Singapore,3,4.0,Above average national income,Salaried employee,0.0,Do not own a vehicle,none,0.5,2,,,,,,,,2.0,4.0,4.0,2.0,2.0,5.0,5.0,2.0,3,Driving range;Charging speed;Brand;Design & comfort,0.0,not_applicable,5,5,5,,3.6212860007086944,0,1,1,1,1,,
India,3,2.0,Average national income,Homemaker,1.0,Petrol / Diesel,none,0.5,1,3.0,4.0,3.0,4.0,5.0,3.0,2.0,3.0,5.0,5.0,2.0,5.0,5.0,5.0,2.0,1,Price;Charging speed;Brand;Design & comfort,0.0,Charging inconvenience,5,3,5,3.0213191559363466,4.31197071530095,1,0,1,1,1,-0.8571428571428572,1.0
India,2,2.0,Prefer not to say,Salaried employee,1.0,Petrol / Diesel,none,0.5,3,3.0,4.0,4.0,4.0,5.0,5.0,5.0,5.0,4.0,5.0,4.0,4.0,4.0,4.0,,3,Price;Driving range;Charging speed;Brand;Design & comfort,0.0,Upgrade to newer model,5,3,3,4.4420194879242105,3.9530417679052468,1,1,1,1,1,0.0,1.0
India,3,1.0,Average national income,Salaried employee,0.0,Do not own a vehicle,none,0.0,1,,,,,,,,,4.0,4.0,4.0,4.0,4.0,4.0,,2,Price;Driving range;Charging speed;Design & comfort,0.0,not_applicable,3,3,3,,3.3959344018274793,1,1,0,1,1,,
India,2,4.0,Average national income,Retired,1.0,Electric Vehicle (EV),Tata Motors,1.0,4,3.0,3.0,1.0,3.0,3.0,3.0,3.0,3.0,3.0,3.0,3.0,3.0,1.0,1.0,2.0,2,Price,0.0,Upgrade to newer model,3,3,3,2.832782570637182,2.150053192229976,1,0,0,0,0,0.28571428571428603,1.0
India,3,4.0,Average national income,Other,1.0,Petrol / Diesel,Ford,0.5,1,1.0,1.0,1.0,5.0,1.0,1.0,1.0,1.0,1.0,1.0,1.0,1.0,1.0,1.0,,1,Design & comfort,0.0,Dissatisfaction with performance,1,1,1,1.2136757135993084,1.0,0,0,0,1,0,0.5714285714285714,1.0
India,1,4.0,Prefer not to say,Business owner / Self-employed,1.0,Petrol / Diesel,none,1.0,1,1.0,1.0,5.0,1.0,1.0,1.0,1.0,5.0,3.0,1.0,1.0,1.0,5.0,1.0,,1,Price,0.0,not_applicable,5,1,5,1.8222630824052828,2.0379480627487356,1,0,0,0,0,-0.857142857142857,1.0
India,2,4.0,Average national income,Salaried employee,1.0,Petrol / Diesel,Toyota,0.5,1,4.0,4.0,3.0,5.0,4.0,3.0,3.0,2.0,3.0,2.0,2.0,2.0,3.0,3.0,,2,Driving range,0.0,not_applicable,1,1,2,3.4302030662719893,2.4755640814142774,0,1,0,0,0,1.285714285714286,1.0
United Kingdom,2,2.0,Average national income,Salaried employee,0.0,Do not own a vehicle,No vehicle ,0.5,2,4.0,4.0,3.0,4.0,4.0,4.0,4.0,3.0,3.0,3.0,3.0,3.0,2.0,2.0,2.0,2,Brand,0.0,Dissatisfaction with performance,3,3,3,3.8039853547682747,2.371376818783137,0,0,1,0,0,1.1428571428571428,1.5202348840191833
India,3,,Above average national income,Salaried employee,1.0,Petrol / Diesel,none,0.5,2,,,,,,,,5.0,3.0,5.0,3.0,3.0,3.0,5.0,,2,Price,0.0,not_applicable,5,3,5,,3.7007792425695,1,0,0,0,0,,
India,2,2.0,Average national income,Other,0.0,Do not own a vehicle,none,1.0,2,4.0,5.0,3.0,5.0,5.0,3.0,5.0,2.0,2.0,4.0,3.0,3.0,3.0,3.0,,2,Price;Driving range;Charging speed;Design & comfort,0.0,not_applicable,4,3,3,4.212561436215093,3.140247527369379,1,1,0,1,1,1.4285714285714284,1.5711363603311068
United States,3,4.0,Above average national income,Salaried employee,1.0,Petrol / Diesel,none,1.0,1,,,,,,,,3.0,4.0,3.0,3.0,2.0,4.0,2.0,2.0,2,Price;Driving range;Charging speed;Design & comfort,,not_applicable,3,4,2,,3.0755844772577565,1,1,0,1,1,,
India,1,3.0,Prefer not to say,Salaried employee,1.0,Petrol / Diesel,none,0.5,2,3.0,3.0,1.0,5.0,5.0,3.0,2.0,5.0,5.0,5.0,3.0,3.0,5.0,5.0,2.0,3,Brand,,not_applicable,5,3,4,3.2343338675322437,4.289208147764346,0,0,1,0,0,-1.285714285714286,1.0
Singapore,3,4.0,Above average national income,Salaried employee,0.0,Do not own a vehicle,none,0.5,2,,,,,,,,2.0,4.0,4.0,2.0,2.0,5.0,5.0,2.0,3,Driving range;Charging speed;Brand;Design & comfort,0.0,not_applicable,5,5,5,,3.478626975480997,0,1,1,1,1,,
United States,3,4.0,Above average national income,Salaried employee,1.0,Petrol / Diesel,Toyota,1.0,2,4.0,4.0,3.0,3.0,3.0,3.0,2.0,3.0,5.0,4.0,2.0,2.0,4.0,4.0,,3,Price;Charging speed;Brand;Design & comfort,0.0,not_applicable,3,4,3,2.8257702828831333,3.229098214504957,1,0,1,1,1,-0.2857142857142856,1.0
India,1,4.0,Above average national income,Salaried employee,1.0,Petrol / Diesel,none,1.0,3,,,,,,,,1.0,4.0,4.0,3.0,4.0,4.0,4.0,,1,Driving range,,not_applicable,4,4,3,,3.811860850190819,0,1,0,0,0,,
Canada,3,2.0,Prefer not to say,Salaried employee,1.0,Petrol / Diesel,Tesla,0.0,2,3.0,2.0,1.0,2.0,4.0,5.0,5.0,3.0,2.0,5.0,2.0,5.0,4.0,1.0,,3,Price;Driving range;Charging speed;Brand;Design & comfort,0.0,not_applicable,3,2,4,3.3472540354387164,2.8972963151462743,1,1,1,1,1,0.0,1.0
Canada,3,2.0,Prefer not to say,Salaried employee,1.0,Petrol / Diesel,Tesla,0.0,2,3.0,2.0,1.0,2.0,4.0,5.0,5.0,3.0,2.0,5.0,2.0,5.0,4.0,1.0,,3,Price;Driving range;Charging speed;Brand;Design & comfort,0.0,not_applicable,3,2,4,3.2818362714934417,2.9860203902044513,1,1,1,1,1,0.0,1.0
United Kingdom,1,3.0,Average national income,Salaried employee,1.0,Petrol / Diesel,none,1.0,2,,,,,,,,5.0,5.0,5.0,5.0,5.0,5.0,5.0,2.0,4,Price;Driving range;Charging speed;Brand;Design & comfort,0.0,not_applicable,5,1,5,,4.992880586480657,1,1,1,1,1,,
Canada,3,2.0,Prefer not to say,Salaried employee,1.0,Petrol / Diesel,Tesla,0.0,2,3.0,2.0,1.0,2.0,4.0,5.0,5.0,3.0,2.0,5.0,2.0,5.0,4.0,1.0,,3,Price;Driving range;Charging speed;Brand;Design & comfort,0.0,not_applicable,3,2,4,2.937589767650244,2.971541275988053,1,1,1,1,1,0.0,1.0
United Arab Emirates,3,2.0,Above average national income,Salaried employee,1.0,Electric Vehicle (EV),Tesla,0.5,2,3.0,4.0,3.0,5.0,5.0,5.0,4.0,3.0,3.0,4.0,4.0,4.0,3.0,3.0,,3,Price;Driving range;Charging speed;Brand;Design & comfort,0.0,Upgrade to newer model,4,4,3,4.357532682214561,3.364668955293637,1,1,1,1,1,0.7142857142857149,1.0
India,1,4.0,Prefer not to say,Business owner / Self-employed,1.0,Petrol / Diesel,none,1.0,1,1.0,1.0,5.0,1.0,1.0,1.0,1.0,5.0,3.0,1.0,1.0,1.0,5.0,1.0,,1,Price,0.0,not_applicable,5,1,5,1.4766970920484668,2.7908963023442315,1,0,0,0,0,-0.857142857142857,1.0
United Arab Emirates,3,2.0,Above average national income,Salaried employee,1.0,Petrol / Diesel,none,0.0,1,,,,,,,,1.0,1.0,2.0,1.0,2.0,3.0,3.0,,4,Driving range;Charging speed;Brand;Design & comfort,0.0,not_applicable,3,1,3,,2.109772064974733,0,1,1,1,1,,
India,3,1.0,Average national income,Salaried employee,0.0,Do not own a vehicle,Tata Motors,0.5,1,4.0,5.0,5.0,5.0,5.0,4.0,4.0,4.0,5.0,5.0,5.0,5.0,5.0,4.0,,2,Charging speed,0.0,Charging inconvenience,4,5,3,4.775243460835966,4.891808810178758,0,0,0,0,1,-0.14285714285714324,1.0
India,3,4.0,Above average national income,Salaried employee,1.0,Petrol / Diesel,BYD,0.5,2,3.0,5.0,5.0,5.0,5.0,5.0,5.0,5.0,5.0,5.0,5.0,5.0,5.0,5.0,,4,Price;Driving range;Charging speed;Brand;Design & comfort,,not_applicable,5,4,4,4.809126267984812,4.839434917716031,1,1,1,1,1,-0.2857142857142856,1.0
India,2,4.0,Above average national income,Salaried employee,1.0,Petrol / Diesel,none,0.5,1,,,,,,,,1.0,4.0,5.0,4.0,1.0,2.0,4.0,,1,Price;Driving range;Brand;Design & comfort,,not_applicable,3,4,5,,2.762177990837708,1,1,1,1,0,,
India,1,4.0,Below average national income,Other,1.0,Petrol / Diesel,none,0.0,1,,,,,,,,3.0,4.0,5.0,4.0,4.0,5.0,5.0,,3,Price;Charging speed;Design & comfort,,not_applicable,4,2,3,,4.236412927679904,1,0,0,1,1,,
United Arab Emirates,3,2.0,Above average national income,Salaried employee,1.0,Electric Vehicle (EV),Tesla,0.5,2,3.0,4.0,3.0,5.0,5.0,5.0,4.0,3.0,3.0,4.0,4.0,4.0,3.0,3.0,,3,Price;Driving range;Charging speed;Brand;Design & comfort,0.0,Upgrade to newer model,4,4,3,4.321393316382394,3.588493954295448,1,1,1,1,1,0.7142857142857149,1.0
India,2,1.0,Average national income,Business owner / Self-employed,1.0,Hybrid,BYD,0.5,2,3.0,5.0,4.0,5.0,5.0,4.0,2.0,4.0,3.0,5.0,3.0,5.0,4.0,3.0,2.0,3,Brand,0.0,Upgrade to newer model,5,5,4,4.335174331172467,3.8708554641085167,0,0,1,0,0,0.1428571428571428,1.0
India,3,2.0,Average national income,Homemaker,1.0,Petrol / Diesel,none,0.5,1,3.0,4.0,3.0,4.0,5.0,3.0,2.0,3.0,5.0,5.0,2.0,5.0,5.0,5.0,2.0,1,Price;Charging speed;Brand;Design & comfort,0.0,Charging inconvenience,5,3,5,3.5599043193740783,4.233169913644897,1,0,1,1,1,-0.8571428571428572,1.0
United Arab Emirates,3,2.0,Below average national income,Salaried employee,1.0,Petrol / Diesel,none,1.0,2,,,,,,,,,,,,,,,,3,Price;Driving range;Charging speed;Design & comfort,,not_applicable,2,4,4,,,1,1,0,1,1,,
India,2,2.0,Prefer not to say,Salaried employee,1.0,Petrol / Diesel,none,0.0,1,,,,,,,,1.0,5.0,5.0,5.0,5.0,5.0,5.0,2.0,2,Design & comfort,,not_applicable,5,5,5,,4.502571722964209,0,0,0,1,0,,
India,2,2.0,Prefer not to say,Business owner / Self-employed,1.0,Electric Vehicle (EV),Tata Motors,0.5,3,4.0,4.0,5.0,5.0,5.0,5.0,5.0,3.0,3.0,5.0,3.0,3.0,5.0,4.0,2.0,2,Price;Driving range;Charging speed,1.0,not_applicable,3,3,3,4.90146371367321,3.2883381564349374,1,1,0,0,1,1.0,1.3324823672471648
United States,3,4.0,Above average national income,Salaried employee,1.0,Petrol / Diesel,Kia,1.0,1,5.0,2.0,5.0,4.0,4.0,3.0,5.0,4.0,5.0,5.0,3.0,2.0,2.0,2.0,,3,Price;Driving range,0.0,Upgrade to newer model,4,4,4,3.96082355990819,3.3495037639175513,1,1,0,0,0,0.7142857142857144,1.0
India,2,4.0,Average national income,Salaried employee,1.0,Petrol / Diesel,Toyota,0.5,1,4.0,4.0,3.0,5.0,4.0,3.0,3.0,2.0,3.0,2.0,2.0,2.0,3.0,3.0,,2,Driving range,0.0,not_applicable,1,1,2,3.613369809119698,2.5570429367567047,0,1,0,0,0,1.285714285714286,1.0093318408384895
Singapore,3,4.0,Above average national income,Salaried employee,0.0,Do not own a vehicle,none,0.5,2,,,,,,,,2.0,4.0,4.0,2.0,2.0,5.0,5.0,2.0,3,Driving range;Charging speed;Brand;Design & comfort,0.0,not_applicable,5,5,5,,3.776973725514839,0,1,1,1,1,,
India,1,2.0,Prefer not to say,Business owner / Self-employed,1.0,Electric Vehicle (EV),Tesla,0.5,3,5.0,3.0,2.0,5.0,5.0,4.0,5.0,5.0,3.0,5.0,5.0,5.0,5.0,3.0,2.0,2,Design & comfort,0.0,Upgrade to newer model,5,5,4,3.8361963031091313,4.280039967158336,0,0,0,1,0,-0.2857142857142856,1.0
India,3,1.0,Average national income,Salaried employee,1.0,Petrol / Diesel,Ford,1.0,2,1.0,5.0,2.0,5.0,1.0,5.0,1.0,1.0,5.0,2.0,3.0,3.0,4.0,4.0,,3,Price,1.0,Financial reasons,4,1,3,2.783454428985293,3.2024107831886233,1,0,0,0,0,-0.2857142857142856,1.0
India,2,2.0,Above average national income,Salaried employee,1.0,Electric Vehicle (EV),Tata Motors,1.0,2,5.0,1.0,2.0,5.0,5.0,3.0,3.0,5.0,4.0,4.0,4.0,5.0,5.0,5.0,2.0,4,Price;Driving range;Charging speed;Brand;Design & comfort,0.0,Upgrade to newer model,5,3,3,3.68710710878755,4.594039346906693,1,1,1,1,1,-1.1428571428571428,1.0
India,3,4.0,Above average national income,Salaried employee,1.0,Hybrid,Toyota,0.0,2,3.0,5.0,3.0,5.0,5.0,4.0,5.0,5.0,5.0,5.0,5.0,5.0,5.0,5.0,2.0,4,Driving range;Brand,0.0,not_applicable,4,3,5,4.154476268957736,5.0,0,1,1,0,0,-0.7142857142857144,1.0
India,2,2.0,Above average national income,Business owner / Self-employed,1.0,Petrol / Diesel,none,1.0,1,5.0,5.0,5.0,5.0,5.0,5.0,5.0,4.0,5.0,5.0,3.0,5.0,5.0,5.0,,4,Driving range;Charging speed;Brand,0.0,not_applicable,5,5,5,5.0,4.675352266655314,0,1,1,0,1,0.4285714285714288,1.0
India,2,4.0,Above average national income,Homemaker,1.0,Petrol / Diesel,Hyundai,0.5,1,,,,,,,,2.0,5.0,5.0,4.0,5.0,5.0,5.0,2.0,3,Price;Driving range;Charging speed,0.0,Upgrade to newer model,3,5,5,,4.468702176564059,1,1,0,0,1,,
India,1,4.0,Below average national income,Salaried employee,1.0,Petrol / Diesel,none,0.0,1,,,,,,,,3.0,3.0,5.0,3.0,2.0,5.0,3.0,,4,Price,,not_applicable,5,1,1,,3.532275211483455,1,0,0,0,0,,
India,1,3.0,Prefer not to say,Salaried employee,1.0,Petrol / Diesel,none,0.5,2,3.0,3.0,1.0,5.0,5.0,3.0,2.0,5.0,5.0,5.0,3.0,3.0,5.0,5.0,2.0,3,Brand,,not_applicable,5,3,4,3.1237229186481494,4.335329851753936,0,0,1,0,0,-1.285714285714286,1.0
Australia,3,3.0,Average national income,Salaried employee,0.0,Do not own a vehicle,none,0.5,2,5.0,5.0,5.0,5.0,3.0,3.0,3.0,4.0,4.0,4.0,4.0,4.0,4.0,4.0,,2,Price;Driving range;Brand;Design & comfort,0.0,not_applicable,3,4,4,4.145188447612082,4.186593669630595,1,1,1,1,0,0.14285714285714324,1.0
Singapore,3,4.0,Above average national income,Salaried employee,0.0,Do not own a vehicle,none,0.5,2,,,,,,,,2.0,4.0,4.0,2.0,2.0,5.0,5.0,2.0,3,Driving range;Charging speed;Brand;Design & comfort,0.0,not_applicable,5,5,5,,3.224405632518395,0,1,1,1,1,,
United Arab Emirates,3,2.0,Average national income,Salaried employee,1.0,Petrol / Diesel,Kia,1.0,3,4.0,4.0,5.0,5.0,5.0,4.0,5.0,3.0,5.0,3.0,3.0,4.0,4.0,3.0,2.0,4,Driving range;Charging speed;Design & comfort,,not_applicable,4,3,4,4.32386030202558,3.8681164713783724,0,1,0,1,1,0.9999999999999996,1.0
United States,3,4.0,Average national income,Retired,1.0,Petrol / Diesel,none,1.0,2,,,,,,,,3.0,2.0,2.0,4.0,4.0,3.0,2.0,2.0,2,Price;Driving range;Charging speed;Design & comfort,0.0,not_applicable,2,2,2,,2.956836156701159,1,1,0,1,1,,
India,3,1.0,Average national income,Business owner / Self-employed,1.0,Petrol / Diesel,none,1.0,2,5.0,5.0,3.0,5.0,5.0,5.0,5.0,4.0,4.0,5.0,4.0,5.0,5.0,4.0,,3,Charging speed;Brand,1.0,Battery degradation,3,4,4,4.742788462552229,4.239225209754549,0,0,1,0,1,0.2857142857142856,1.0
United Kingdom,1,3.0,Average national income,Salaried employee,1.0,Petrol / Diesel,none,1.0,2,,,,,,,,5.0,5.0,5.0,5.0,5.0,5.0,5.0,2.0,4,Price;Driving range;Charging speed;Brand;Design & comfort,0.0,not_applicable,5,1,5,,4.975359473965104,1,1,1,1,1,,
United Arab Emirates,3,3.0,Prefer not to say,Homemaker,1.0,Petrol / Diesel,Accord ,0.5,4,3.0,2.0,2.0,1.0,2.0,2.0,2.0,5.0,4.0,4.0,4.0,4.0,4.0,4.0,,1,Price,0.0,Charging inconvenience,3,3,3,2.2213928091918773,4.673244625070485,1,0,0,0,0,-2.1428571428571432,1.0
India,3,4.0,Prefer not to say,Salaried employee,1.0,Petrol / Diesel,Nil,0.5,2,,,,,,,,3.0,4.0,3.0,3.0,3.0,3.0,3.0,,3,Driving range,0.0,not_applicable,4,4,3,,2.878700333043544,0,1,0,0,0,,
United States,3,,Average national income,Salaried employee,1.0,Petrol / Diesel,none,0.5,4,2.0,4.0,3.0,2.0,1.0,5.0,1.0,2.0,1.0,2.0,1.0,1.0,2.0,2.0,2.0,3,Driving range;Charging speed,0.0,not_applicable,2,2,3,2.748111278502165,1.3663711329370303,0,1,0,0,1,1.0000000000000002,1.1701936520425373
India,3,4.0,Above average national income,Salaried employee,1.0,Petrol / Diesel,none,0.5,1,5.0,3.0,3.0,5.0,5.0,5.0,5.0,3.0,5.0,5.0,4.0,2.0,5.0,5.0,2.0,4,Price;Driving range;Design & comfort,0.0,not_applicable,5,5,5,4.682983424367075,4.349406283317661,1,1,0,1,0,0.2857142857142856,1.0
Australia,3,3.0,Above average national income,Salaried employee,1.0,Petrol / Diesel,Polestar,0.0,1,,,,,,,,3.0,1.0,5.0,5.0,3.0,5.0,3.0,,4,Price;Driving range;Charging speed;Brand;Design & comfort,0.0,not_applicable,1,3,5,,3.6047249333716236,1,1,1,1,1,,
Uganda,2,,Above average national income,Salaried employee,1.0,Petrol / Diesel,none,0.0,4,,,,,,,,3.0,3.0,1.0,2.0,3.0,1.0,2.0,,2,Driving range,,not_applicable,1,4,1,,1.9649176175176446,0,1,0,0,0,,
United States,3,4.0,Above average national income,Salaried employee,1.0,Petrol / Diesel,Kia,1.0,1,5.0,2.0,5.0,4.0,4.0,3.0,5.0,4.0,5.0,5.0,3.0,2.0,2.0,2.0,,3,Price;Driving range,0.0,Upgrade to newer model,4,4,4,3.891672600659735,3.71350067788348,1,1,0,0,0,0.7142857142857144,1.0
India,2,4.0,Above average national income,Homemaker,1.0,Petrol / Diesel,Hyundai,0.5,1,,,,,,,,2.0,5.0,5.0,4.0,5.0,5.0,5.0,2.0,3,Price;Driving range;Charging speed,0.0,Upgrade to newer model,3,5,5,,4.434092407110501,1,1,0,0,1,,
India,2,1.0,Average national income,Business owner / Self-employed,1.0,Petrol / Diesel,BMW,1.0,4,1.0,5.0,1.0,5.0,5.0,5.0,5.0,5.0,5.0,5.0,5.0,5.0,5.0,5.0,,4,Driving range;Charging speed;Brand;Design & comfort,1.0,Charging inconvenience,5,5,5,3.9192575726744794,5.0,0,1,1,1,1,-1.1428571428571428,1.0
India,3,1.0,Average national income,Business owner / Self-employed,1.0,Electric Vehicle (EV),Tesla,0.0,2,5.0,5.0,4.0,5.0,5.0,4.0,3.0,,,,,,,,2.0,2,Price;Driving range;Charging speed;Design & comfort,0.0,not_applicable,3,4,5,4.39476299677084,,1,1,0,1,1,,
India,1,2.0,Below average national income,Salaried employee,1.0,Petrol / Diesel,none,1.0,1,,,,,,,,3.0,5.0,5.0,3.0,5.0,5.0,3.0,,4,Price,,not_applicable,5,3,5,,3.934245610564923,1,0,0,0,0,,
United States,3,4.0,Above average national income,Salaried employee,1.0,Petrol / Diesel,Kia,1.0,1,5.0,2.0,5.0,4.0,4.0,3.0,5.0,4.0,5.0,5.0,3.0,2.0,2.0,2.0,,3,Price;Driving range,0.0,Upgrade to newer model,4,4,4,3.928716437527003,3.276363798201181,1,1,0,0,0,0.7142857142857144,1.0
India,3,1.0,Average national income,Business owner / Self-employed,1.0,Electric Vehicle (EV),Tesla,0.0,2,5.0,5.0,4.0,5.0,5.0,4.0,3.0,,,,,,,,2.0,2,Price;Driving range;Charging speed;Design & comfort,0.0,not_applicable,3,4,5,4.233989559939987,,1,1,0,1,1,,
India,3,4.0,Above average national income,Business owner / Self-employed,1.0,Petrol / Diesel,none,0.5,1,,,,,,,,,,,1.0,1.0,1.0,1.0,2.0,4,Driving range;Charging speed;Design & comfort,,not_applicable,1,1,1,,1.2240665112784135,0,1,0,1,1,,
Norway,3,4.0,Prefer not to say,Salaried employee,1.0,Electric Vehicle (EV),Tesla,1.0,2,2.0,2.0,1.0,4.0,5.0,3.0,3.0,,,,,,,,,4,Price;Driving range;Charging speed;Brand;Design & comfort,,not_applicable,5,3,3,2.81900994604284,,1,1,1,1,1,,
India,2,2.0,Prefer not to say,Business owner / Self-employed,1.0,Electric Vehicle (EV),Tata Motors,0.5,3,4.0,4.0,5.0,5.0,5.0,5.0,5.0,3.0,3.0,5.0,3.0,3.0,5.0,4.0,2.0,2,Price;Driving range;Charging speed,1.0,not_applicable,3,3,3,4.817055673620953,3.3281228855858664,1,1,0,0,1,1.0,1.0
India,3,4.0,Above average national income,Salaried employee,1.0,Hybrid,Toyota,0.0,2,3.0,5.0,3.0,5.0,5.0,4.0,5.0,5.0,5.0,5.0,5.0,5.0,5.0,5.0,2.0,4,Driving range;Brand,0.0,not_applicable,4,3,5,4.283890617533646,4.838433949241433,0,1,1,0,0,-0.7142857142857144,1.0
United States,3,4.0,Average national income,Retired,1.0,Petrol / Diesel,none,1.0,2,,,,,,,,3.0,2.0,2.0,4.0,4.0,3.0,2.0,2.0,2,Price;Driving range;Charging speed;Design & comfort,0.0,not_applicable,2,2,2,,2.9584445413639013,1,1,0,1,1,,
India,3,1.0,Above average national income,Salaried employee,1.0,Petrol / Diesel,none,0.5,1,,,,,,,,3.0,3.0,5.0,3.0,3.0,5.0,5.0,2.0,2,Driving range,,not_applicable,5,3,3,,3.982595337282868,0,1,0,0,0,,
India,3,4.0,Above average national income,Salaried employee,1.0,Petrol / Diesel,Toyota ,1.0,1,5.0,4.0,3.0,4.0,4.0,2.0,3.0,4.0,3.0,3.0,2.0,2.0,4.0,4.0,,2,Driving range,0.0,Charging inconvenience,5,5,4,3.5358513611973255,3.08007676902853,0,1,0,0,0,0.4285714285714288,1.0
Canada,3,2.0,Prefer not to say,Salaried employee,1.0,Petrol / Diesel,Tesla,0.0,2,3.0,2.0,1.0,2.0,4.0,5.0,5.0,3.0,2.0,5.0,2.0,5.0,4.0,1.0,,3,Price;Driving range;Charging speed;Brand;Design & comfort,0.0,not_applicable,3,2,4,3.20332433659992,3.0165877634237517,1,1,1,1,1,0.0,1.0
India,3,2.0,Below average national income,Business owner / Self-employed,1.0,Electric Vehicle (EV),Ather,0.5,2,5.0,5.0,5.0,5.0,5.0,5.0,5.0,3.0,3.0,4.0,2.0,3.0,4.0,3.0,,4,Price;Driving range;Charging speed;Brand;Design & comfort,0.0,not_applicable,1,3,4,5.0,3.291659263767574,1,1,1,1,1,1.8571428571428572,2.114178292920995
India,1,2.0,Prefer not to say,Business owner / Self-employed,1.0,Electric Vehicle (EV),Tesla,0.5,3,5.0,3.0,2.0,5.0,5.0,4.0,5.0,5.0,3.0,5.0,5.0,5.0,5.0,3.0,2.0,2,Design & comfort,0.0,Upgrade to newer model,5,5,4,4.269947714694444,4.483037713787279,0,0,0,1,0,-0.2857142857142856,1.0
India,2,2.0,Prefer not to say,Business owner / Self-employed,1.0,Hybrid,MG (Morris Garages),1.0,3,5.0,1.0,1.0,5.0,5.0,5.0,5.0,5.0,5.0,5.0,5.0,5.0,5.0,5.0,2.0,4,Price;Driving range;Charging speed;Brand;Design & comfort,1.0,Upgrade to newer model,5,3,5,3.8803622977324124,5.0,1,1,1,1,1,-1.1428571428571428,1.0
United Arab Emirates,3,3.0,Average national income,Salaried employee,1.0,Petrol / Diesel,none,0.5,3,,,,,,,,3.0,3.0,3.0,3.0,3.0,3.0,3.0,,4,Brand,,not_applicable,3,3,3,,3.1685249091679637,0,0,1,0,0,,
India,1,4.0,Above average national income,Salaried employee,1.0,Petrol / Diesel,none,1.0,3,,,,,,,,1.0,4.0,4.0,3.0,4.0,4.0,4.0,,1,Driving range,,not_applicable,4,4,3,,3.4462776734257012,0,1,0,0,0,,
Canada,3,4.0,Average national income,Salaried employee,0.0,Petrol / Diesel,Tesla,0.5,3,,,,,,,,3.0,3.0,4.0,3.0,3.0,5.0,5.0,2.0,4,Price;Driving range;Charging speed;Brand;Design & comfort,0.0,not_applicable,3,4,5,,3.5410590315597,1,1,1,1,1,,
India,3,4.0,Prefer not to say,Salaried employee,1.0,Petrol / Diesel,Nil,0.5,2,,,,,,,,3.0,4.0,3.0,3.0,3.0,3.0,3.0,,3,Driving range,0.0,not_applicable,4,4,3,,2.959368048849335,0,1,0,0,0,,
India,1,4.0,Average national income,Salaried employee,1.0,Petrol / Diesel,none,1.0,1,5.0,5.0,5.0,5.0,5.0,5.0,5.0,5.0,5.0,5.0,5.0,5.0,5.0,5.0,2.0,2,Design & comfort,0.0,Dissatisfaction with performance,5,5,5,5.0,4.716226891662915,0,0,0,1,0,0.0,1.0
Canada,3,2.0,Prefer not to say,Salaried employee,1.0,Petrol / Diesel,Tesla,0.0,2,3.0,2.0,1.0,2.0,4.0,5.0,5.0,3.0,2.0,5.0,2.0,5.0,4.0,1.0,,3,Price;Driving range;Charging speed;Brand;Design & comfort,0.0,not_applicable,3,2,4,3.068431688732819,3.2383087169197737,1,1,1,1,1,0.0,1.0
United States,3,3.0,Above average national income,Salaried employee,1.0,Electric Vehicle (EV),Mercedes-Benz,1.0,1,2.0,2.0,2.0,2.0,2.0,2.0,2.0,3.0,3.0,3.0,3.0,3.0,3.0,3.0,,1,Price;Driving range;Charging speed;Brand;Design & comfort,0.0,Charging inconvenience,3,3,3,2.248715410430742,3.1441272537140375,1,1,1,1,1,-1.0,1.0
United Kingdom,3,1.0,Above average national income,Salaried employee,1.0,Petrol / Diesel,none,0.5,2,,,,,,,,3.0,4.0,4.0,5.0,5.0,4.0,4.0,,4,Price;Driving range;Charging speed;Design & comfort,0.0,not_applicable,4,2,4,,3.9116729907436723,1,1,0,1,1,,
United States,3,4.0,Above average national income,Salaried employee,1.0,Petrol / Diesel,Toyota,1.0,2,4.0,4.0,3.0,3.0,3.0,3.0,2.0,3.0,5.0,4.0,2.0,2.0,4.0,4.0,,3,Price;Charging speed;Brand;Design & comfort,0.0,not_applicable,3,4,3,3.1170221000663023,3.592361080040772,1,0,1,1,1,-0.2857142857142856,1.0
United Arab Emirates,3,2.0,Average national income,Salaried employee,1.0,Petrol / Diesel,none,0.5,3,,,,,,,,3.0,4.0,4.0,4.0,3.0,5.0,5.0,,4,Price;Driving range;Charging speed;Brand;Design & comfort,,not_applicable,5,3,5,,3.991330711094085,1,1,1,1,1,,
India,3,2.0,Above average national income,Business owner / Self-employed,1.0,Petrol / Diesel,none,0.5,1,,,,,,,,3.0,3.0,3.0,3.0,3.0,3.0,3.0,,3,Price;Driving range;Charging speed;Design & comfort,0.0,not_applicable,3,5,5,,3.041162318185579,1,1,0,1,1,,
Australia,3,3.0,Average national income,Salaried employee,0.0,Do not own a vehicle,none,0.5,2,5.0,5.0,5.0,5.0,3.0,3.0,3.0,4.0,4.0,4.0,4.0,4.0,4.0,4.0,,2,Price;Driving range;Brand;Design & comfort,0.0,not_applicable,3,4,4,4.406193162840878,3.6342836677459434,1,1,1,1,0,0.14285714285714324,1.0
India,2,2.0,Above average national income,Business owner / Self-employed,1.0,Petrol / Diesel,none,1.0,1,5.0,5.0,5.0,5.0,5.0,5.0,5.0,4.0,5.0,5.0,3.0,5.0,5.0,5.0,,4,Driving range;Charging speed;Brand,0.0,not_applicable,5,5,5,5.0,4.650402204164503,0,1,1,0,1,0.4285714285714288,1.0
India,3,2.0,Above average national income,Salaried employee,1.0,Petrol / Diesel,none,1.0,3,3.0,5.0,2.0,4.0,4.0,5.0,4.0,3.0,1.0,5.0,4.0,3.0,5.0,5.0,,2,Driving range;Charging speed;Design & comfort,0.0,not_applicable,5,3,3,3.4819579213001384,3.797785866162192,0,1,0,1,1,0.1428571428571428,1.0
India,1,4.0,Average national income,Retired,1.0,Electric Vehicle (EV),Tata Motors,1.0,2,3.0,3.0,1.0,3.0,3.0,3.0,3.0,4.0,3.0,4.0,3.0,3.0,4.0,2.0,2.0,1,Design & comfort,0.0,Battery degradation,3,3,3,2.3579437528244576,3.3378529217570594,0,0,0,1,0,-0.5714285714285712,1.0
India,2,4.0,Average national income,Salaried employee,1.0,Petrol / Diesel,Toyota,0.5,1,4.0,4.0,3.0,5.0,4.0,3.0,3.0,2.0,3.0,2.0,2.0,2.0,3.0,3.0,,2,Driving range,0.0,not_applicable,1,1,2,4.08477236828427,2.898916375552028,0,1,0,0,0,1.285714285714286,1.0
Singapore,3,4.0,Above average national income,Salaried employee,0.0,Do not own a vehicle,none,0.5,2,,,,,,,,2.0,4.0,4.0,2.0,2.0,5.0,5.0,2.0,3,Driving range;Charging speed;Brand;Design & comfort,0.0,not_applicable,5,5,5,,3.1529514360128346,0,1,1,1,1,,
United Arab Emirates,3,2.0,Average national income,Salaried employee,1.0,Petrol / Diesel,none,0.5,3,,,,,,,,3.0,4.0,4.0,4.0,3.0,5.0,5.0,,4,Price;Driving range;Charging speed;Brand;Design & comfort,,not_applicable,5,3,5,,3.9644582026114663,1,1,1,1,1,,
United States,1,3.0,Average national income,Salaried employee,1.0,Electric Vehicle (EV),Tesla,0.5,2,5.0,5.0,5.0,5.0,5.0,4.0,5.0,1.0,3.0,3.0,3.0,1.0,5.0,3.0,2.0,3,Price,0.0,Charging inconvenience,3,5,4,4.457573303618423,2.8608542220010307,1,0,0,0,0,2.1428571428571423,1.952558101512129
India,2,3.0,Average national income,Salaried employee,1.0,Petrol / Diesel,none,0.0,2,,,,,,,,,1.0,1.0,,1.0,1.0,1.0,,3,Charging speed,0.0,Charging inconvenience,5,1,1,,1.1922133057331024,0,0,0,0,1,,
India,1,4.0,Above average national income,Salaried employee,1.0,Petrol / Diesel,none,1.0,3,,,,,,,,1.0,4.0,4.0,3.0,4.0,4.0,4.0,,1,Driving range,,not_applicable,4,4,3,,3.2007371816569283,0,1,0,0,0,,
India,3,1.0,Average national income,Salaried employee,1.0,Petrol / Diesel,none,0.5,2,5.0,5.0,4.0,5.0,5.0,5.0,3.0,5.0,5.0,5.0,4.0,5.0,5.0,5.0,2.0,4,Price;Driving range;Charging speed;Brand;Design & comfort,0.0,Dissatisfaction with performance,5,5,5,4.657341525116903,5.0,1,1,1,1,1,-0.2857142857142856,1.0
India,2,2.0,Prefer not to say,Salaried employee,1.0,Petrol / Diesel,Renault,0.5,2,4.0,4.0,3.0,4.0,4.0,3.0,3.0,4.0,2.0,4.0,3.0,3.0,3.0,1.0,2.0,2,Brand,0.0,not_applicable,4,4,4,3.435561937863719,3.048426136351121,0,0,1,0,0,0.7142857142857144,1.0
India,2,4.0,Average national income,Salaried employee,1.0,Petrol / Diesel,Toyota,0.5,1,4.0,4.0,3.0,5.0,4.0,3.0,3.0,2.0,3.0,2.0,2.0,2.0,3.0,3.0,,2,Driving range,0.0,not_applicable,1,1,2,3.494097426701238,2.435934521210102,0,1,0,0,0,1.285714285714286,1.0763913924116504
United Arab Emirates,3,2.0,Average national income,Salaried employee,1.0,Petrol / Diesel,Kia,1.0,3,4.0,4.0,5.0,5.0,5.0,4.0,5.0,3.0,5.0,3.0,3.0,4.0,4.0,3.0,2.0,4,Driving range;Charging speed;Design & comfort,,not_applicable,4,3,4,4.697382234571304,3.6658005195101997,0,1,0,1,1,0.9999999999999996,1.0473017203260935
India,2,2.0,Above average national income,Salaried employee,1.0,Electric Vehicle (EV),Tata Motors,1.0,2,5.0,1.0,2.0,5.0,5.0,3.0,3.0,5.0,4.0,4.0,4.0,5.0,5.0,5.0,2.0,4,Price;Driving range;Charging speed;Brand;Design & comfort,0.0,Upgrade to newer model,5,3,3,3.21287191998234,4.5218645463868015,1,1,1,1,1,-1.1428571428571428,1.0
Canada,2,2.0,Average national income,Salaried employee,1.0,Petrol / Diesel,Kia,0.0,3,5.0,3.0,3.0,5.0,5.0,1.0,5.0,2.0,4.0,5.0,5.0,5.0,5.0,4.0,2.0,4,Price;Driving range;Charging speed;Design & comfort,0.0,Dissatisfaction with performance,5,1,5,3.9278952477810853,4.286581186356352,1,1,0,1,1,-0.4285714285714284,1.0
Bahrain,3,2.0,Average national income,Salaried employee,1.0,Petrol / Diesel,none,1.0,2,4.0,5.0,3.0,5.0,5.0,5.0,5.0,,5.0,5.0,5.0,5.0,5.0,5.0,2.0,2,Driving range,1.0,Financial reasons,3,3,3,4.878896714128507,4.956235522078015,0,1,0,0,0,-0.4285714285714288,1.0
India,1,4.0,Prefer not to say,Business owner / Self-employed,1.0,Petrol / Diesel,none,1.0,1,1.0,1.0,5.0,1.0,1.0,1.0,1.0,5.0,3.0,1.0,1.0,1.0,5.0,1.0,,1,Price,0.0,not_applicable,5,1,5,1.5116580238020216,2.572559018133957,1,0,0,0,0,-0.857142857142857,1.0
India,3,1.0,Average national income,Business owner / Self-employed,1.0,Petrol / Diesel,none,1.0,2,5.0,5.0,3.0,5.0,5.0,5.0,5.0,4.0,4.0,5.0,4.0,5.0,5.0,4.0,,3,Charging speed;Brand,1.0,Battery degradation,3,4,4,5.0,4.205267221057727,0,0,1,0,1,0.2857142857142856,1.0
Canada,2,2.0,Average national income,Salaried employee,1.0,Petrol / Diesel,Kia,0.0,3,5.0,3.0,3.0,5.0,5.0,1.0,5.0,2.0,4.0,5.0,5.0,5.0,5.0,4.0,2.0,4,Price;Driving range;Charging speed;Design & comfort,0.0,Dissatisfaction with performance,5,1,5,3.826237245110473,4.779497774864004,1,1,0,1,1,-0.4285714285714284,1.0
Norway,3,4.0,Prefer not to say,Salaried employee,1.0,Electric Vehicle (EV),Tesla,1.0,2,2.0,2.0,1.0,4.0,5.0,3.0,3.0,,,,,,,,,4,Price;Driving range;Charging speed;Brand;Design & comfort,,not_applicable,5,3,3,2.807244593969959,,1,1,1,1,1,,
India,3,2.0,Above average national income,Salaried employee,1.0,Electric Vehicle (EV),Tata Motors,1.0,2,5.0,4.0,5.0,5.0,5.0,4.0,3.0,4.0,4.0,5.0,4.0,4.0,5.0,5.0,2.0,4,Price;Driving range;Charging speed;Design & comfort,0.0,Battery degradation,5,4,4,4.484109148502094,4.648319718868401,1,1,0,1,1,0.0,1.0
India,2,1.0,Average national income,Other,1.0,Electric Vehicle (EV),Ather,0.0,3,5.0,3.0,4.0,5.0,5.0,5.0,3.0,2.0,4.0,5.0,5.0,5.0,5.0,5.0,,1,Price;Driving range;Brand;Design & comfort,0.0,Battery degradation,5,5,5,3.956414172922894,4.656124683876299,1,1,1,1,0,-0.14285714285714324,1.0
United States,3,,Average national income,Salaried employee,1.0,Petrol / Diesel,none,0.5,4,2.0,4.0,3.0,2.0,1.0,5.0,1.0,2.0,1.0,2.0,1.0,1.0,2.0,2.0,2.0,3,Driving range;Charging speed,0.0,not_applicable,2,2,3,2.6269635358716403,1.5021842311784332,0,1,0,0,1,1.0000000000000002,1.028174545829121
India,3,1.0,Average national income,Business owner / Self-employed,1.0,Petrol / Diesel,none,1.0,2,5.0,5.0,3.0,5.0,5.0,5.0,5.0,4.0,4.0,5.0,4.0,5.0,5.0,4.0,,3,Charging speed;Brand,1.0,Battery degradation,3,4,4,4.434346797327309,4.308194025280437,0,0,1,0,1,0.2857142857142856,1.0
United Arab Emirates,3,3.0,Prefer not to say,Homemaker,1.0,Petrol / Diesel,Accord ,0.5,4,3.0,2.0,2.0,1.0,2.0,2.0,2.0,5.0,4.0,4.0,4.0,4.0,4.0,4.0,,1,Price,0.0,Charging inconvenience,3,3,3,1.9578472286494237,4.183316923074384,1,0,0,0,0,-2.1428571428571432,1.0
United Arab Emirates,3,3.0,Prefer not to say,Homemaker,1.0,Petrol / Diesel,Accord ,0.5,4,3.0,2.0,2.0,1.0,2.0,2.0,2.0,5.0,4.0,4.0,4.0,4.0,4.0,4.0,,1,Price,0.0,Charging inconvenience,3,3,3,1.9599367225294386,4.561250196318035,1,0,0,0,0,-2.1428571428571432,1.0
India,2,2.0,Prefer not to say,Salaried employee,1.0,Petrol / Diesel,none,0.5,3,3.0,4.0,4.0,4.0,5.0,5.0,5.0,5.0,4.0,5.0,4.0,4.0,4.0,4.0,,3,Price;Driving range;Charging speed;Brand;Design & comfort,0.0,Upgrade to newer model,5,3,3,4.413616738291289,4.494981546625194,1,1,1,1,1,0.0,1.0
India,3,4.0,Average national income,Salaried employee,1.0,Petrol / Diesel,none,1.0,4,5.0,5.0,3.0,5.0,5.0,5.0,5.0,5.0,5.0,5.0,5.0,5.0,5.0,5.0,2.0,4,Price;Driving range;Charging speed;Brand;Design & comfort,0.0,Battery degradation,5,5,4,4.876707737986063,5.0,1,1,1,1,1,-0.2857142857142856,1.0
India,1,2.0,Below average national income,Salaried employee,1.0,Petrol / Diesel,none,1.0,1,,,,,,,,3.0,5.0,5.0,3.0,5.0,5.0,3.0,,4,Price,,not_applicable,5,3,5,,4.588119762878287,1,0,0,0,0,,
India,3,4.0,Above average national income,Business owner / Self-employed,1.0,Petrol / Diesel,none,1.0,3,,1.0,1.0,1.0,1.0,1.0,1.0,1.0,5.0,5.0,5.0,5.0,5.0,5.0,,4,Price,0.0,not_applicable,5,1,1,1.0,4.368545036415335,1,0,0,0,0,-3.428571428571429,1.0
United States,1,3.0,Average national income,Salaried employee,1.0,Electric Vehicle (EV),Tesla,0.5,2,5.0,5.0,5.0,5.0,5.0,4.0,5.0,1.0,3.0,3.0,3.0,1.0,5.0,3.0,2.0,3,Price,0.0,Charging inconvenience,3,5,4,4.8107196027035615,2.783300383909961,1,0,0,0,0,2.1428571428571423,2.311203672885169
India,1,2.0,Above average national income,Business owner / Self-employed,1.0,Hybrid,Maruthi Ciaz,1.0,1,,,,,,,,4.0,4.0,5.0,4.0,4.0,3.0,3.0,2.0,4,Price;Driving range;Charging speed;Design & comfort,,not_applicable,3,3,5,,3.752675276889077,1,1,0,1,1,,
India,2,1.0,Average national income,Business owner / Self-employed,1.0,Hybrid,BYD,0.5,2,3.0,5.0,4.0,5.0,5.0,4.0,2.0,4.0,3.0,5.0,3.0,5.0,4.0,3.0,2.0,3,Brand,0.0,Upgrade to newer model,5,5,4,4.549994773038699,3.723655314835554,0,0,1,0,0,0.1428571428571428,1.0
United Arab Emirates,3,2.0,Below average national income,Salaried employee,1.0,Petrol / Diesel,none,1.0,2,,,,,,,,,,,,,,,,3,Price;Driving range;Charging speed;Design & comfort,,not_applicable,2,4,4,,,1,1,0,1,1,,
Canada,3,4.0,Average national income,Salaried employee,0.0,Petrol / Diesel,Tesla,0.5,3,,,,,,,,3.0,3.0,4.0,3.0,3.0,5.0,5.0,2.0,4,Price;Driving range;Charging speed;Brand;Design & comfort,0.0,not_applicable,3,4,5,,3.8513904530636616,1,1,1,1,1,,
India,3,1.0,Prefer not to say,Business owner / Self-employed,0.0,Petrol / Diesel,Ford,1.0,1,,,,,,,,2.0,2.0,1.0,2.0,3.0,1.0,1.0,,4,Driving range;Brand;Design & comfort,1.0,Battery degradation,1,1,2,,1.7105751405804452,0,1,1,1,0,,
India,3,1.0,Above average national income,Salaried employee,1.0,Petrol / Diesel,none,0.5,1,,,,,,,,3.0,3.0,5.0,3.0,3.0,5.0,5.0,2.0,2,Driving range,,not_applicable,5,3,3,,3.8760878170248314,0,1,0,0,0,,
India,2,2.0,Prefer not to say,Salaried employee,1.0,Petrol / Diesel,none,0.5,3,3.0,4.0,4.0,4.0,5.0,5.0,5.0,5.0,4.0,5.0,4.0,4.0,4.0,4.0,,3,Price;Driving range;Charging speed;Brand;Design & comfort,0.0,Upgrade to newer model,5,3,3,4.189385276872217,4.016009805636083,1,1,1,1,1,0.0,1.0
United Arab Emirates,3,3.0,Average national income,Salaried employee,1.0,Petrol / Diesel,none,0.5,3,,,,,,,,3.0,3.0,3.0,3.0,3.0,3.0,3.0,,4,Brand,,not_applicable,3,3,3,,2.693265448023803,0,0,1,0,0,,
India,2,1.0,Prefer not to say,Other,1.0,Petrol / Diesel,none,0.5,2,,,,,,,,2.0,4.0,4.0,4.0,5.0,5.0,4.0,,2,Driving range;Charging speed;Design & comfort,,not_applicable,5,3,4,,4.096234964230264,0,1,0,1,1,,
India,2,3.0,Average national income,Business owner / Self-employed,1.0,Electric Vehicle (EV),Tata Motors,0.0,2,5.0,4.0,3.0,5.0,5.0,3.0,5.0,,,,,,,,2.0,2,Price;Driving range,,not_applicable,5,4,3,4.246592957546536,,1,1,0,0,0,,
Canada,3,2.0,Prefer not to say,Salaried employee,1.0,Petrol / Diesel,Tesla,0.0,2,3.0,2.0,1.0,2.0,4.0,5.0,5.0,3.0,2.0,5.0,2.0,5.0,4.0,1.0,,3,Price;Driving range;Charging speed;Brand;Design & comfort,0.0,not_applicable,3,2,4,3.1976268694941608,3.1338934898307866,1,1,1,1,1,0.0,1.0
Canada,2,2.0,Average national income,Salaried employee,1.0,Petrol / Diesel,Kia,0.0,3,5.0,3.0,3.0,5.0,5.0,1.0,5.0,2.0,4.0,5.0,5.0,5.0,5.0,4.0,2.0,4,Price;Driving range;Charging speed;Design & comfort,0.0,Dissatisfaction with performance,5,1,5,3.8913459297081308,4.169596635792245,1,1,0,1,1,-0.4285714285714284,1.0
India,3,1.0,Average national income,Salaried employee,0.0,Do not own a vehicle,none,0.0,2,3.0,3.0,3.0,3.0,4.0,3.0,3.0,3.0,3.0,4.0,2.0,3.0,3.0,4.0,,2,Driving range;Design & comfort,0.0,Dissatisfaction with performance,4,3,3,2.978800052789751,2.866740447069517,0,1,0,1,0,0.0,1.0
India,3,4.0,Above average national income,Business owner / Self-employed,1.0,Hybrid,BYD,0.5,2,3.0,4.0,5.0,4.0,4.0,5.0,5.0,3.0,2.0,1.0,1.0,1.0,1.0,1.0,2.0,2,Price;Driving range;Charging speed;Brand;Design & comfort,0.0,not_applicable,1,1,3,4.187373007655511,1.3748213440363415,1,1,1,1,1,2.8571428571428568,2.7241520956165064
United States,3,4.0,Average national income,Retired,1.0,Petrol / Diesel,none,1.0,2,,,,,,,,3.0,2.0,2.0,4.0,4.0,3.0,2.0,2.0,2,Price;Driving range;Charging speed;Design & comfort,0.0,not_applicable,2,2,2,,2.929177888595441,1,1,0,1,1,,
Uganda,2,,Above average national income,Salaried employee,1.0,Petrol / Diesel,none,0.0,4,,,,,,,,3.0,3.0,1.0,2.0,3.0,1.0,2.0,,2,Driving range,,not_applicable,1,4,1,,1.6940244804738573,0,1,0,0,0,,
United Kingdom,2,4.0,Prefer not to say,Business owner / Self-employed,1.0,Petrol / Diesel,none,0.0,4,,,,,,,,3.0,5.0,5.0,5.0,5.0,5.0,3.0,2.0,3,Price;Driving range;Charging speed;Brand,,not_applicable,5,1,1,,4.750699676357779,1,1,1,0,1,,
India,3,,Above average national income,Salaried employee,1.0,Petrol / Diesel,none,0.5,2,,,,,,,,5.0,3.0,5.0,3.0,3.0,3.0,5.0,,2,Price,0.0,not_applicable,5,3,5,,4.2644158405196135,1,0,0,0,0,,
United Arab Emirates,3,3.0,Prefer not to say,Homemaker,1.0,Petrol / Diesel,Accord ,0.5,4,3.0,2.0,2.0,1.0,2.0,2.0,2.0,5.0,4.0,4.0,4.0,4.0,4.0,4.0,,1,Price,0.0,Charging inconvenience,3,3,3,1.8991040617263284,4.11302750211993,1,0,0,0,0,-2.1428571428571432,1.0
India,2,2.0,Prefer not to say,Salaried employee,1.0,Petrol / Diesel,Renault,0.5,2,4.0,4.0,3.0,4.0,4.0,3.0,3.0,4.0,2.0,4.0,3.0,3.0,3.0,1.0,2.0,2,Brand,0.0,not_applicable,4,4,4,3.6356618710126676,2.7619918254962377,0,0,1,0,0,0.7142857142857144,1.0
India,3,4.0,Above average national income,Business owner / Self-employed,1.0,Hybrid,BYD,0.5,2,3.0,4.0,5.0,4.0,4.0,5.0,5.0,3.0,2.0,1.0,1.0,1.0,1.0,1.0,2.0,2,Price;Driving range;Charging speed;Brand;Design & comfort,0.0,not_applicable,1,1,3,4.261459339486,1.3191185832923575,1,1,1,1,1,2.8571428571428568,2.647365738799481
India,1,4.0,Below average national income,Other,1.0,Petrol / Diesel,none,0.0,1,,,,,,,,3.0,4.0,5.0,4.0,4.0,5.0,5.0,,3,Price;Charging speed;Design & comfort,,not_applicable,4,2,3,,4.21338583871836,1,0,0,1,1,,
United Kingdom,1,3.0,Average national income,Salaried employee,1.0,Petrol / Diesel,none,1.0,2,,,,,,,,5.0,5.0,5.0,5.0,5.0,5.0,5.0,2.0,4,Price;Driving range;Charging speed;Brand;Design & comfort,0.0,not_applicable,5,1,5,,5.0,1,1,1,1,1,,
India,3,4.0,Prefer not to say,Salaried employee,1.0,Petrol / Diesel,Nil,0.5,2,,,,,,,,3.0,4.0,3.0,3.0,3.0,3.0,3.0,,3,Driving range,0.0,not_applicable,4,4,3,,3.130685730265785,0,1,0,0,0,,
India,2,4.0,Above average national income,Salaried employee,1.0,Petrol / Diesel,none,0.5,1,,,,,,,,1.0,4.0,5.0,4.0,1.0,2.0,4.0,,1,Price;Driving range;Brand;Design & comfort,,not_applicable,3,4,5,,3.1543654839823336,1,1,1,1,0,,
Bahrain,3,2.0,Average national income,Salaried employee,1.0,Petrol / Diesel,none,1.0,2,4.0,5.0,3.0,5.0,5.0,5.0,5.0,,5.0,5.0,5.0,5.0,5.0,5.0,2.0,2,Driving range,1.0,Financial reasons,3,3,3,4.560047263990373,4.990230299715838,0,1,0,0,0,-0.4285714285714288,1.0
India,3,4.0,Average national income,Salaried employee,1.0,Petrol / Diesel,none,1.0,4,5.0,5.0,3.0,5.0,5.0,5.0,5.0,5.0,5.0,5.0,5.0,5.0,5.0,5.0,2.0,4,Price;Driving range;Charging speed;Brand;Design & comfort,0.0,Battery degradation,5,5,4,4.961475232663524,4.635626736092897,1,1,1,1,1,-0.2857142857142856,1.0
India,3,4.0,Above average national income,Salaried employee,1.0,Hybrid,Toyota,0.0,2,3.0,5.0,3.0,5.0,5.0,4.0,5.0,5.0,5.0,5.0,5.0,5.0,5.0,5.0,2.0,4,Driving range;Brand,0.0,not_applicable,4,3,5,4.294297818246041,4.390383271907592,0,1,1,0,0,-0.7142857142857144,1.0
India,2,1.0,Prefer not to say,Other,1.0,Petrol / Diesel,none,0.5,2,,,,,,,,2.0,4.0,4.0,4.0,5.0,5.0,4.0,,2,Driving range;Charging speed;Design & comfort,,not_applicable,5,3,4,,3.8726853383313133,0,1,0,1,1,,
India,1,2.0,Prefer not to say,Business owner / Self-employed,1.0,Electric Vehicle (EV),Tesla,0.5,3,5.0,3.0,2.0,5.0,5.0,4.0,5.0,5.0,3.0,5.0,5.0,5.0,5.0,3.0,2.0,2,Design & comfort,0.0,Upgrade to newer model,5,5,4,4.275484529208963,4.225564422889901,0,0,0,1,0,-0.2857142857142856,1.0
India,3,4.0,Above average national income,Business owner / Self-employed,1.0,Petrol / Diesel,none,1.0,3,,1.0,1.0,1.0,1.0,1.0,1.0,1.0,5.0,5.0,5.0,5.0,5.0,5.0,,4,Price,0.0,not_applicable,5,1,1,1.230930185943057,4.271562884521787,1,0,0,0,0,-3.428571428571429,1.0
India,3,2.0,Average national income,Salaried employee,1.0,Electric Vehicle (EV),Ola,1.0,3,4.0,3.0,3.0,3.0,3.0,3.0,3.0,4.0,3.0,3.0,3.0,3.0,3.0,3.0,,1,Charging speed,1.0,Dissatisfaction with performance,5,3,3,3.3533350828564794,3.0215606378418487,0,0,0,0,1,0.0,1.0
India,2,2.0,Above average national income,Salaried employee,1.0,Electric Vehicle (EV),Tata Motors,1.0,2,5.0,1.0,2.0,5.0,5.0,3.0,3.0,5.0,4.0,4.0,4.0,5.0,5.0,5.0,2.0,4,Price;Driving range;Charging speed;Brand;Design & comfort,0.0,Upgrade to newer model,5,3,3,3.587621121301344,4.316964150697961,1,1,1,1,1,-1.1428571428571428,1.0
India,2,,Prefer not to say,Retired,1.0,Petrol / Diesel,Two wheeler Ather,1.0,2,4.0,5.0,4.0,2.0,4.0,3.0,3.0,4.0,4.0,5.0,5.0,4.0,5.0,5.0,,2,Price;Driving range;Charging speed,0.0,Charging inconvenience,4,2,4,3.4678561222961943,4.518631687926647,1,1,0,0,1,-0.9999999999999996,1.0
India,1,4.0,Above average national income,Salaried employee,1.0,Petrol / Diesel,none,1.0,3,,,,,,,,1.0,4.0,4.0,3.0,4.0,4.0,4.0,,1,Driving range,,not_applicable,4,4,3,,3.6212347126236,0,1,0,0,0,,
India,3,4.0,Above average national income,Salaried employee,1.0,Hybrid,Toyota,0.0,2,3.0,5.0,3.0,5.0,5.0,4.0,5.0,5.0,5.0,5.0,5.0,5.0,5.0,5.0,2.0,4,Driving range;Brand,0.0,not_applicable,4,3,5,4.315113232127198,5.0,0,1,1,0,0,-0.7142857142857144,1.0
United States,3,4.0,Above average national income,Salaried employee,1.0,Petrol / Diesel,none,1.0,1,,,,,,,,3.0,4.0,3.0,3.0,2.0,4.0,2.0,2.0,2,Price;Driving range;Charging speed;Design & comfort,,not_applicable,3,4,2,,3.125417895638611,1,1,0,1,1,,
India,3,4.0,Average national income,Salaried employee,1.0,Petrol / Diesel,Nissan,0.5,1,3.0,5.0,4.0,5.0,3.0,4.0,5.0,4.0,5.0,3.0,1.0,1.0,1.0,1.0,,2,Driving range,0.0,Upgrade to newer model,5,1,1,4.032976954702523,2.434383812610638,0,1,0,0,0,1.8571428571428577,1.7630155305307396
United Arab Emirates,3,2.0,Above average national income,Salaried employee,1.0,Electric Vehicle (EV),Tesla,0.5,2,3.0,4.0,3.0,5.0,5.0,5.0,4.0,3.0,3.0,4.0,4.0,4.0,3.0,3.0,,3,Price;Driving range;Charging speed;Brand;Design & comfort,0.0,Upgrade to newer model,4,4,3,4.165633433044135,3.0983322134375872,1,1,1,1,1,0.7142857142857149,1.344532858178991
Norway,3,4.0,Prefer not to say,Salaried employee,1.0,Electric Vehicle (EV),Tesla,1.0,2,2.0,2.0,1.0,4.0,5.0,3.0,3.0,,,,,,,,,4,Price;Driving range;Charging speed;Brand;Design & comfort,,not_applicable,5,3,3,2.6589897241611986,,1,1,1,1,1,,
United Kingdom,2,2.0,Above average national income,Salaried employee,1.0,Petrol / Diesel,none,0.5,4,,,,,,,,3.0,4.0,4.0,5.0,4.0,5.0,4.0,2.0,3,Price;Driving range;Charging speed,,not_applicable,3,5,3,,3.695470613964258,1,1,0,0,1,,
India,3,4.0,Above average national income,Business owner / Self-employed,1.0,Petrol / Diesel,none,1.0,3,,1.0,1.0,1.0,1.0,1.0,1.0,1.0,5.0,5.0,5.0,5.0,5.0,5.0,,4,Price,0.0,not_applicable,5,1,1,1.0017283052908341,4.324937930991331,1,0,0,0,0,-3.428571428571429,1.0
India,3,1.0,Average national income,Other,1.0,Petrol / Diesel,none,0.5,1,,,,,,,,2.0,2.0,2.0,2.0,2.0,4.0,4.0,2.0,2,Driving range,0.0,Financial reasons,3,3,4,,2.567375701804948,0,1,0,0,0,,
India,3,4.0,Above average national income,Salaried employee,1.0,Petrol / Diesel,none,1.0,2,,,,,,,,4.0,5.0,5.0,4.0,5.0,4.0,5.0,2.0,4,Price;Driving range;Charging speed;Brand;Design & comfort,0.0,not_applicable,4,5,5,,4.829700348889807,1,1,1,1,1,,
United Kingdom,2,2.0,Above average national income,Salaried employee,1.0,Petrol / Diesel,none,0.5,4,,,,,,,,3.0,4.0,4.0,5.0,4.0,5.0,4.0,2.0,3,Price;Driving range;Charging speed,,not_applicable,3,5,3,,4.247024394233835,1,1,0,0,1,,
United States,3,4.0,Above average national income,Salaried employee,1.0,Petrol / Diesel,Kia,1.0,1,5.0,2.0,5.0,4.0,4.0,3.0,5.0,4.0,5.0,5.0,3.0,2.0,2.0,2.0,,3,Price;Driving range,0.0,Upgrade to newer model,4,4,4,4.192101017710118,3.1140924675414907,1,1,0,0,0,0.7142857142857144,1.0
India,3,,Above average national income,Other,1.0,Petrol / Diesel,Hyundai,0.5,3,4.0,4.0,4.0,4.0,4.0,4.0,5.0,3.0,4.0,4.0,5.0,5.0,4.0,3.0,,4,Design & comfort,0.0,Charging inconvenience,3,4,4,3.9611756322131133,3.8829989058512897,0,0,0,1,0,0.14285714285714324,1.0
India,1,4.0,Below average national income,Other,1.0,Petrol / Diesel,none,0.0,1,,,,,,,,3.0,4.0,5.0,4.0,4.0,5.0,5.0,,3,Price;Charging speed;Design & comfort,,not_applicable,4,2,3,,4.464295194944604,1,0,0,1,1,,
India,2,3.0,Average national income,Business owner / Self-employed,1.0,Electric Vehicle (EV),Tata Motors,0.0,2,5.0,4.0,3.0,5.0,5.0,3.0,5.0,,,,,,,,2.0,2,Price;Driving range,,not_applicable,5,4,3,4.341255620981991,,1,1,0,0,0,,
India,3,4.0,Above average national income,Business owner / Self-employed,1.0,Petrol / Diesel,none,1.0,3,,1.0,1.0,1.0,1.0,1.0,1.0,1.0,5.0,5.0,5.0,5.0,5.0,5.0,,4,Price,0.0,not_applicable,5,1,1,1.0,4.76193977248105,1,0,0,0,0,-3.428571428571429,1.0
United Arab Emirates,3,2.0,Average national income,Salaried employee,1.0,Petrol / Diesel,none,0.5,3,,,,,,,,3.0,4.0,4.0,4.0,3.0,5.0,5.0,,4,Price;Driving range;Charging speed;Brand;Design & comfort,,not_applicable,5,3,5,,3.8517353155268492,1,1,1,1,1,,
India,1,4.0,Above average national income,Salaried employee,1.0,Petrol / Diesel,none,1.0,3,,,,,,,,1.0,4.0,4.0,3.0,4.0,4.0,4.0,,1,Driving range,,not_applicable,4,4,3,,3.5586099933324307,0,1,0,0,0,,
India,2,4.0,Average national income,Salaried employee,1.0,Petrol / Diesel,none,0.5,2,2.0,4.0,5.0,3.0,2.0,2.0,2.0,2.0,2.0,3.0,3.0,3.0,3.0,3.0,,2,Driving range;Design & comfort,0.0,not_applicable,4,2,5,2.90091481671328,2.5878246336392303,0,1,0,1,0,0.1428571428571428,1.0
India,2,3.0,Average national income,Salaried employee,1.0,Petrol / Diesel,none,0.0,2,,,,,,,,,1.0,1.0,,1.0,1.0,1.0,,3,Charging speed,0.0,Charging inconvenience,5,1,1,,1.0,0,0,0,0,1,,
India,3,4.0,Above average national income,Salaried employee,1.0,Petrol / Diesel,none,0.5,1,5.0,3.0,3.0,5.0,5.0,5.0,5.0,3.0,5.0,5.0,4.0,2.0,5.0,5.0,2.0,4,Price;Driving range;Design & comfort,0.0,not_applicable,5,5,5,4.484963383732071,4.397749874725015,1,1,0,1,0,0.2857142857142856,1.0
India,2,1.0,Prefer not to say,Other,0.0,Do not own a vehicle,none,0.5,1,4.0,4.0,3.0,,,,,4.0,3.0,4.0,3.0,3.0,3.0,3.0,,3,Price;Driving range;Charging speed,,not_applicable,4,4,3,3.835958194239059,3.5424756194568667,1,1,0,0,1,0.38095238095238093,1.0
India,3,3.0,Prefer not to say,Salaried employee,1.0,Petrol / Diesel,none,0.0,3,,,,,,,,4.0,4.0,5.0,5.0,4.0,5.0,5.0,,4,Driving range,,not_applicable,5,5,1,,4.724680970031742,0,1,0,0,0,,
United Arab Emirates,3,2.0,Average national income,Salaried employee,1.0,Petrol / Diesel,Kia,1.0,3,4.0,4.0,5.0,5.0,5.0,4.0,5.0,3.0,5.0,3.0,3.0,4.0,4.0,3.0,2.0,4,Driving range;Charging speed;Design & comfort,,not_applicable,4,3,4,4.780624554980976,3.8596901745105137,0,1,0,1,1,0.9999999999999996,1.0
India,2,2.0,Average national income,Other,0.0,Do not own a vehicle,none,1.0,2,4.0,5.0,3.0,5.0,5.0,3.0,5.0,2.0,2.0,4.0,3.0,3.0,3.0,3.0,,2,Price;Driving range;Charging speed;Design & comfort,0.0,not_applicable,4,3,3,4.274960797520812,2.9960660997346977,1,1,0,1,1,1.4285714285714284,1.331294509541574
India,2,1.0,Average national income,Other,1.0,Electric Vehicle (EV),Ather,0.0,3,5.0,3.0,4.0,5.0,5.0,5.0,3.0,2.0,4.0,5.0,5.0,5.0,5.0,5.0,,1,Price;Driving range;Brand;Design & comfort,0.0,Battery degradation,5,5,5,4.403209144018164,4.526035495759823,1,1,1,1,0,-0.14285714285714324,1.0
United Kingdom,2,4.0,Prefer not to say,Business owner / Self-employed,1.0,Petrol / Diesel,none,0.0,4,,,,,,,,3.0,5.0,5.0,5.0,5.0,5.0,3.0,2.0,3,Price;Driving range;Charging speed;Brand,,not_applicable,5,1,1,,4.608642286888576,1,1,1,0,1,,
India,1,2.0,Above average national income,Business owner / Self-employed,1.0,Hybrid,Maruthi Ciaz,1.0,1,,,,,,,,4.0,4.0,5.0,4.0,4.0,3.0,3.0,2.0,4,Price;Driving range;Charging speed;Design & comfort,,not_applicable,3,3,5,,3.6976960742009384,1,1,0,1,1,,
United Arab Emirates,3,2.0,Average national income,Salaried employee,1.0,Petrol / Diesel,Nissan,1.0,4,5.0,5.0,3.0,3.0,3.0,4.0,3.0,3.0,3.0,3.0,3.0,3.0,3.0,3.0,2.0,2,Driving range,0.0,Upgrade to newer model,3,3,3,3.820412474949563,2.8283832807250704,0,1,0,0,0,0.7142857142857144,1.0
United States,3,4.0,Above average national income,Salaried employee,1.0,Petrol / Diesel,none,1.0,1,,,,,,,,3.0,4.0,3.0,3.0,2.0,4.0,2.0,2.0,2,Price;Driving range;Charging speed;Design & comfort,,not_applicable,3,4,2,,2.987651294129906,1,1,0,1,1,,
India,3,1.0,Average national income,Salaried employee,1.0,Petrol / Diesel,none,0.5,2,5.0,5.0,4.0,5.0,5.0,5.0,3.0,5.0,5.0,5.0,4.0,5.0,5.0,5.0,2.0,4,Price;Driving range;Charging speed;Brand;Design & comfort,0.0,Dissatisfaction with performance,5,5,5,4.404596629878261,4.942793739554061,1,1,1,1,1,-0.2857142857142856,1.0
Canada,3,2.0,Prefer not to say,Salaried employee,1.0,Petrol / Diesel,Tesla,0.0,2,3.0,2.0,1.0,2.0,4.0,5.0,5.0,3.0,2.0,5.0,2.0,5.0,4.0,1.0,,3,Price;Driving range;Charging speed;Brand;Design & comfort,0.0,not_applicable,3,2,4,2.783978913080984,3.3666293609712525,1,1,1,1,1,0.0,1.0
India,3,4.0,Above average national income,Salaried employee,1.0,Petrol / Diesel,none,0.0,1,,,,,,,,3.0,5.0,4.0,4.0,4.0,5.0,3.0,2.0,4,Driving range;Charging speed,,not_applicable,3,4,4,,4.08200794392292,0,1,0,0,1,,
India,2,1.0,Average national income,Other,1.0,Petrol / Diesel,none,0.5,2,,,,,,,,2.0,4.0,4.0,4.0,4.0,3.0,4.0,,2,Price;Driving range;Charging speed;Brand;Design & comfort,,not_applicable,2,4,4,,3.4466499408909295,1,1,1,1,1,,
India,2,1.0,Average national income,Business owner / Self-employed,1.0,Petrol / Diesel,BMW,1.0,4,1.0,5.0,1.0,5.0,5.0,5.0,5.0,5.0,5.0,5.0,5.0,5.0,5.0,5.0,,4,Driving range;Charging speed;Brand;Design & comfort,1.0,Charging inconvenience,5,5,5,3.943019857965567,4.916919646752312,0,1,1,1,1,-1.1428571428571428,1.0
India,1,2.0,Above average national income,Business owner / Self-employed,1.0,Hybrid,Maruthi Ciaz,1.0,1,,,,,,,,4.0,4.0,5.0,4.0,4.0,3.0,3.0,2.0,4,Price;Driving range;Charging speed;Design & comfort,,not_applicable,3,3,5,,3.8561070483350335,1,1,0,1,1,,
India,1,2.0,Above average national income,Business owner / Self-employed,1.0,Hybrid,Maruthi Ciaz,1.0,1,,,,,,,,4.0,4.0,5.0,4.0,4.0,3.0,3.0,2.0,4,Price;Driving range;Charging speed;Design & comfort,,not_applicable,3,3,5,,4.009643383073907,1,1,0,1,1,,
India,1,4.0,Prefer not to say,Business owner / Self-employed,1.0,Petrol / Diesel,none,1.0,1,1.0,1.0,5.0,1.0,1.0,1.0,1.0,5.0,3.0,1.0,1.0,1.0,5.0,1.0,,1,Price,0.0,not_applicable,5,1,5,1.6260426163952377,2.367462388426365,1,0,0,0,0,-0.857142857142857,1.0
United States,3,4.0,Average national income,Retired,1.0,Petrol / Diesel,none,1.0,2,,,,,,,,3.0,2.0,2.0,4.0,4.0,3.0,2.0,2.0,2,Price;Driving range;Charging speed;Design & comfort,0.0,not_applicable,2,2,2,,2.767977224696666,1,1,0,1,1,,
India,1,4.0,Below average national income,Salaried employee,1.0,Petrol / Diesel,none,0.0,1,,,,,,,,3.0,3.0,5.0,3.0,2.0,5.0,3.0,,4,Price,,not_applicable,5,1,1,,3.680810397347516,1,0,0,0,0,,
India,1,2.0,Average national income,Business owner / Self-employed,1.0,Petrol / Diesel,none,0.0,2,5.0,5.0,5.0,5.0,5.0,5.0,5.0,3.0,5.0,5.0,3.0,3.0,4.0,4.0,,2,Price;Driving range;Charging speed;Brand;Design & comfort,0.0,Charging inconvenience,3,3,4,4.963401989082593,3.62594669330952,1,1,1,1,1,1.1428571428571428,1.0258698418815504
Canada,3,2.0,Prefer not to say,Salaried employee,1.0,Petrol / Diesel,Tesla,0.0,2,3.0,2.0,1.0,2.0,4.0,5.0,5.0,3.0,2.0,5.0,2.0,5.0,4.0,1.0,,3,Price;Driving range;Charging speed;Brand;Design & comfort,0.0,not_applicable,3,2,4,3.0966326347387803,2.9178912589793047,1,1,1,1,1,0.0,1.0
India,3,4.0,Above average national income,Salaried employee,1.0,Petrol / Diesel,none,0.5,2,,,,,,,,3.0,5.0,4.0,3.0,3.0,4.0,5.0,2.0,2,Price;Driving range;Charging speed,0.0,not_applicable,4,3,4,,3.8837328300625824,1,1,0,0,1,,
India,2,1.0,Prefer not to say,Other,1.0,Petrol / Diesel,none,0.5,2,,,,,,,,2.0,4.0,4.0,4.0,5.0,5.0,4.0,,2,Driving range;Charging speed;Design & comfort,,not_applicable,5,3,4,,3.862710753109961,0,1,0,1,1,,
India,1,3.0,Prefer not to say,Salaried employee,1.0,Petrol / Diesel,none,0.5,2,3.0,3.0,1.0,5.0,5.0,3.0,2.0,5.0,5.0,5.0,3.0,3.0,5.0,5.0,2.0,3,Brand,,not_applicable,5,3,4,3.4598384584599255,4.67389350358043,0,0,1,0,0,-1.285714285714286,1.0
India,2,4.0,Average national income,Salaried employee,1.0,Petrol / Diesel,Toyota,0.5,1,4.0,4.0,3.0,5.0,4.0,3.0,3.0,2.0,3.0,2.0,2.0,2.0,3.0,3.0,,2,Driving range,0.0,not_applicable,1,1,2,3.8690084003582244,2.4662474870717115,0,1,0,0,0,1.285714285714286,1.0
India,3,4.0,Above average national income,Business owner / Self-employed,1.0,Petrol / Diesel,none,1.0,3,,1.0,1.0,1.0,1.0,1.0,1.0,1.0,5.0,5.0,5.0,5.0,5.0,5.0,,4,Price,0.0,not_applicable,5,1,1,1.0,4.440620739687906,1,0,0,0,0,-3.428571428571429,1.0
Canada,3,2.0,Prefer not to say,Salaried employee,1.0,Petrol / Diesel,Tesla,0.0,2,3.0,2.0,1.0,2.0,4.0,5.0,5.0,3.0,2.0,5.0,2.0,5.0,4.0,1.0,,3,Price;Driving range;Charging speed;Brand;Design & comfort,0.0,not_applicable,3,2,4,3.0455563290265903,2.971401035492044,1,1,1,1,1,0.0,1.0
United States,3,4.0,Prefer not to say,Salaried employee,1.0,Petrol / Diesel,none,0.5,2,,,,,,,,4.0,5.0,5.0,3.0,4.0,5.0,5.0,,2,Price;Driving range;Charging speed;Brand;Design & comfort,,not_applicable,4,4,3,,4.6287934579889765,1,1,1,1,1,,
Bahrain,3,2.0,Average national income,Salaried employee,1.0,Petrol / Diesel,none,1.0,2,4.0,5.0,3.0,5.0,5.0,5.0,5.0,,5.0,5.0,5.0,5.0,5.0,5.0,2.0,2,Driving range,1.0,Financial reasons,3,3,3,4.770429911471599,4.875635978498623,0,1,0,0,0,-0.4285714285714288,1.0
India,3,2.0,Average national income,Salaried employee,1.0,Electric Vehicle (EV),Ola,1.0,3,4.0,3.0,3.0,3.0,3.0,3.0,3.0,4.0,3.0,3.0,3.0,3.0,3.0,3.0,,1,Charging speed,1.0,Dissatisfaction with performance,5,3,3,2.6746155383090087,3.3861534566984486,0,0,0,0,1,0.0,1.0
Canada,3,2.0,Prefer not to say,Salaried employee,1.0,Petrol / Diesel,Tesla,0.0,2,3.0,2.0,1.0,2.0,4.0,5.0,5.0,3.0,2.0,5.0,2.0,5.0,4.0,1.0,,3,Price;Driving range;Charging speed;Brand;Design & comfort,0.0,not_applicable,3,2,4,3.162332538771794,2.9028588892668186,1,1,1,1,1,0.0,1.0
India,3,1.0,Average national income,Salaried employee,0.0,Do not own a vehicle,Tata Motors,0.5,1,4.0,5.0,5.0,5.0,5.0,4.0,4.0,4.0,5.0,5.0,5.0,5.0,5.0,4.0,,2,Charging speed,0.0,Charging inconvenience,4,5,3,4.614841743340858,4.729992124602038,0,0,0,0,1,-0.14285714285714324,1.0
India,3,4.0,Average national income,Salaried employee,1.0,Petrol / Diesel,Nissan,0.5,1,3.0,5.0,4.0,5.0,3.0,4.0,5.0,4.0,5.0,3.0,1.0,1.0,1.0,1.0,,2,Driving range,0.0,Upgrade to newer model,5,1,1,3.9336197951334735,2.1020787883015957,0,1,0,0,0,1.8571428571428577,1.507925500888963
India,3,1.0,Prefer not to say,Other,1.0,Electric Vehicle (EV),Mahindra Electric,1.0,2,4.0,4.0,4.0,4.0,5.0,5.0,3.0,4.0,3.0,5.0,3.0,1.0,2.0,3.0,2.0,2,Driving range,1.0,Upgrade to newer model,3,3,4,3.651891174983697,2.683807048459678,0,1,0,0,0,1.1428571428571432,1.2734033609969642
India,2,4.0,Above average national income,Salaried employee,1.0,Petrol / Diesel,none,0.5,1,,,,,,,,1.0,4.0,5.0,4.0,1.0,2.0,4.0,,1,Price;Driving range;Brand;Design & comfort,,not_applicable,3,4,5,,3.311945159423491,1,1,1,1,0,,
India,3,4.0,Above average national income,Business owner / Self-employed,1.0,Petrol / Diesel,none,1.0,3,,1.0,1.0,1.0,1.0,1.0,1.0,1.0,5.0,5.0,5.0,5.0,5.0,5.0,,4,Price,0.0,not_applicable,5,1,1,1.348042898047503,4.406453658284153,1,0,0,0,0,-3.428571428571429,1.0
United Arab Emirates,3,2.0,Average national income,Salaried employee,1.0,Petrol / Diesel,none,0.5,1,,,,,,,,3.0,2.0,2.0,2.0,2.0,2.0,4.0,2.0,1,Driving range,,not_applicable,3,2,3,,1.8730463110727704,0,1,0,0,0,,
Canada,3,4.0,Average national income,Salaried employee,0.0,Petrol / Diesel,Tesla,0.5,3,,,,,,,,3.0,3.0,4.0,3.0,3.0,5.0,5.0,2.0,4,Price;Driving range;Charging speed;Brand;Design & comfort,0.0,not_applicable,3,4,5,,3.814319892513462,1,1,1,1,1,,
India,3,2.0,Average national income,Salaried employee,1.0,Electric Vehicle (EV),Ola,1.0,3,4.0,3.0,3.0,3.0,3.0,3.0,3.0,4.0,3.0,3.0,3.0,3.0,3.0,3.0,,1,Charging speed,1.0,Dissatisfaction with performance,5,3,3,3.3457231421241227,3.2873111865523206,0,0,0,0,1,0.0,1.0
India,2,2.0,Above average national income,Salaried employee,1.0,Electric Vehicle (EV),Tata Motors,1.0,2,5.0,1.0,2.0,5.0,5.0,3.0,3.0,5.0,4.0,4.0,4.0,5.0,5.0,5.0,2.0,4,Price;Driving range;Charging speed;Brand;Design & comfort,0.0,Upgrade to newer model,5,3,3,3.8974917532010274,4.700615676434558,1,1,1,1,1,-1.1428571428571428,1.0
Canada,3,2.0,Prefer not to say,Salaried employee,1.0,Petrol / Diesel,Tesla,0.0,2,3.0,2.0,1.0,2.0,4.0,5.0,5.0,3.0,2.0,5.0,2.0,5.0,4.0,1.0,,3,Price;Driving range;Charging speed;Brand;Design & comfort,0.0,not_applicable,3,2,4,3.132478753947237,3.1222930530660475,1,1,1,1,1,0.0,1.0
India,3,1.0,Average national income,Salaried employee,0.0,Do not own a vehicle,none,0.0,2,3.0,3.0,3.0,3.0,4.0,3.0,3.0,3.0,3.0,4.0,2.0,3.0,3.0,4.0,,2,Driving range;Design & comfort,0.0,Dissatisfaction with performance,4,3,3,2.671893924994042,3.0264390415697973,0,1,0,1,0,0.0,1.0
United States,3,4.0,Prefer not to say,Salaried employee,1.0,Petrol / Diesel,none,0.5,2,,,,,,,,4.0,5.0,5.0,3.0,4.0,5.0,5.0,,2,Price;Driving range;Charging speed;Brand;Design & comfort,,not_applicable,4,4,3,,4.245363364827484,1,1,1,1,1,,
United Arab Emirates,3,2.0,Above average national income,Salaried employee,1.0,Electric Vehicle (EV),Tesla,0.5,2,3.0,4.0,3.0,5.0,5.0,5.0,4.0,3.0,3.0,4.0,4.0,4.0,3.0,3.0,,3,Price;Driving range;Charging speed;Brand;Design & comfort,0.0,Upgrade to newer model,4,4,3,4.145690671541272,3.109995635931646,1,1,1,1,1,0.7142857142857149,1.0
India,1,2.0,Below average national income,Salaried employee,1.0,Petrol / Diesel,none,1.0,1,,,,,,,,3.0,5.0,5.0,3.0,5.0,5.0,3.0,,4,Price,,not_applicable,5,3,5,,3.9098449093146397,1,0,0,0,0,,
United States,3,4.0,Average national income,Retired,1.0,Petrol / Diesel,none,1.0,2,,,,,,,,3.0,2.0,2.0,4.0,4.0,3.0,2.0,2.0,2,Price;Driving range;Charging speed;Design & comfort,0.0,not_applicable,2,2,2,,3.0266535285326523,1,1,0,1,1,,
India,3,2.0,Above average national income,Salaried employee,1.0,Petrol / Diesel,none,1.0,3,3.0,5.0,2.0,4.0,4.0,5.0,4.0,3.0,1.0,5.0,4.0,3.0,5.0,5.0,,2,Driving range;Charging speed;Design & comfort,0.0,not_applicable,5,3,3,3.6380854627429797,3.9325567314123733,0,1,0,1,1,0.1428571428571428,1.0
India,2,,Prefer not to say,Retired,1.0,Petrol / Diesel,Two wheeler Ather,1.0,2,4.0,5.0,4.0,2.0,4.0,3.0,3.0,4.0,4.0,5.0,5.0,4.0,5.0,5.0,,2,Price;Driving range;Charging speed,0.0,Charging inconvenience,4,2,4,3.6467512928452694,4.560536857363027,1,1,0,0,1,-0.9999999999999996,1.0
India,2,2.0,Average national income,Other,0.0,Do not own a vehicle,none,1.0,2,4.0,5.0,3.0,5.0,5.0,3.0,5.0,2.0,2.0,4.0,3.0,3.0,3.0,3.0,,2,Price;Driving range;Charging speed;Design & comfort,0.0,not_applicable,4,3,3,4.159775746104318,2.9678490404739755,1,1,0,1,1,1.4285714285714284,1.215683385900551
India,3,1.0,Average national income,Business owner / Self-employed,1.0,Electric Vehicle (EV),Mahindra Electric,1.0,2,4.0,4.0,2.0,5.0,5.0,2.0,5.0,1.0,2.0,5.0,1.0,1.0,3.0,2.0,,4,Driving range;Charging speed;Design & comfort,0.0,Upgrade to newer model,1,5,1,3.6859997982758808,2.2621964948415245,0,1,0,1,1,1.7142857142857144,1.3372041930402783
India,3,3.0,Prefer not to say,Salaried employee,1.0,Petrol / Diesel,none,0.0,3,,,,,,,,4.0,4.0,5.0,5.0,4.0,5.0,5.0,,4,Driving range,,not_applicable,5,5,1,,4.863392240311484,0,1,0,0,0,,
United Kingdom,2,2.0,Above average national income,Salaried employee,1.0,Petrol / Diesel,none,0.5,4,,,,,,,,3.0,4.0,4.0,5.0,4.0,5.0,4.0,2.0,3,Price;Driving range;Charging speed,,not_applicable,3,5,3,,4.095496594135257,1,1,0,0,1,,
Canada,2,2.0,Average national income,Salaried employee,1.0,Petrol / Diesel,Kia,0.0,3,5.0,3.0,3.0,5.0,5.0,1.0,5.0,2.0,4.0,5.0,5.0,5.0,5.0,4.0,2.0,4,Price;Driving range;Charging speed;Design & comfort,0.0,Dissatisfaction with performance,5,1,5,4.102185268768541,4.378706375779881,1,1,0,1,1,-0.4285714285714284,1.0
India,3,1.0,Prefer not to say,Other,1.0,Electric Vehicle (EV),Mahindra Electric,1.0,2,4.0,4.0,4.0,4.0,5.0,5.0,3.0,4.0,3.0,5.0,3.0,1.0,2.0,3.0,2.0,2,Driving range,1.0,Upgrade to newer model,3,3,4,4.009904390861448,3.1388003464565215,0,1,0,0,0,1.1428571428571432,1.0
India,3,4.0,Above average national income,Salaried employee,1.0,Petrol / Diesel,none,1.0,2,,,,,,,,4.0,5.0,5.0,4.0,5.0,4.0,5.0,2.0,4,Price;Driving range;Charging speed;Brand;Design & comfort,0.0,not_applicable,4,5,5,,4.987361762048236,1,1,1,1,1,,
India,3,1.0,Average national income,Other,1.0,Petrol / Diesel,none,0.5,1,,,,,,,,2.0,2.0,2.0,2.0,2.0,4.0,4.0,2.0,2,Driving range,0.0,Financial reasons,3,3,4,,2.4398902386279246,0,1,0,0,0,,
Canada,3,2.0,Prefer not to say,Salaried employee,1.0,Petrol / Diesel,Tesla,0.0,2,3.0,2.0,1.0,2.0,4.0,5.0,5.0,3.0,2.0,5.0,2.0,5.0,4.0,1.0,,3,Price;Driving range;Charging speed;Brand;Design & comfort,0.0,not_applicable,3,2,4,3.0700793755363334,3.09347377083817,1,1,1,1,1,0.0,1.0
India,3,1.0,Average national income,Other,1.0,Petrol / Diesel,none,0.5,1,,,,,,,,2.0,2.0,2.0,2.0,2.0,4.0,4.0,2.0,2,Driving range,0.0,Financial reasons,3,3,4,,2.73038043645476,0,1,0,0,0,,
India,2,4.0,Average national income,Retired,1.0,Electric Vehicle (EV),Tata Motors,1.0,4,3.0,3.0,1.0,3.0,3.0,3.0,3.0,3.0,3.0,3.0,3.0,3.0,1.0,1.0,2.0,2,Price,0.0,Upgrade to newer model,3,3,3,2.132139151954768,2.500466190370706,1,0,0,0,0,0.28571428571428603,1.0
India,3,4.0,Above average national income,Salaried employee,1.0,Petrol / Diesel,none,1.0,2,,,,,,,,4.0,5.0,5.0,4.0,5.0,4.0,5.0,2.0,4,Price;Driving range;Charging speed;Brand;Design & comfort,0.0,not_applicable,4,5,5,,5.0,1,1,1,1,1,,
India,3,1.0,Prefer not to say,Business owner / Self-employed,0.0,Petrol / Diesel,Ford,1.0,1,,,,,,,,2.0,2.0,1.0,2.0,3.0,1.0,1.0,,4,Driving range;Brand;Design & comfort,1.0,Battery degradation,1,1,2,,1.7711393711809182,0,1,1,1,0,,
India,2,2.0,Prefer not to say,Salaried employee,1.0,Petrol / Diesel,none,0.0,1,,,,,,,,1.0,5.0,5.0,5.0,5.0,5.0,5.0,2.0,2,Design & comfort,,not_applicable,5,5,5,,4.516017143185782,0,0,0,1,0,,
India,2,4.0,Above average national income,Homemaker,1.0,Petrol / Diesel,Hyundai,0.5,1,,,,,,,,2.0,5.0,5.0,4.0,5.0,5.0,5.0,2.0,3,Price;Driving range;Charging speed,0.0,Upgrade to newer model,3,5,5,,4.941300664794218,1,1,0,0,1,,
India,2,4.0,Above average national income,Salaried employee,1.0,Petrol / Diesel,none,0.5,1,,,,,,,,1.0,4.0,5.0,4.0,1.0,2.0,4.0,,1,Price;Driving range;Brand;Design & comfort,,not_applicable,3,4,5,,2.822870311961237,1,1,1,1,0,,
India,3,1.0,Average national income,Other,1.0,Petrol / Diesel,none,0.5,1,,,,,,,,2.0,2.0,2.0,2.0,2.0,4.0,4.0,2.0,2,Driving range,0.0,Financial reasons,3,3,4,,2.8770713796865404,0,1,0,0,0,,
India,1,4.0,Below average national income,Other,1.0,Petrol / Diesel,none,0.0,1,,,,,,,,3.0,4.0,5.0,4.0,4.0,5.0,5.0,,3,Price;Charging speed;Design & comfort,,not_applicable,4,2,3,,4.634216685667718,1,0,0,1,1,,
India,3,1.0,Average national income,Other,1.0,Petrol / Diesel,none,0.5,1,,,,,,,,2.0,2.0,2.0,2.0,2.0,4.0,4.0,2.0,2,Driving range,0.0,Financial reasons,3,3,4,,2.0563045799491637,0,1,0,0,0,,
India,2,2.0,Prefer not to say,Salaried employee,1.0,Electric Vehicle (EV),Tata Motors,0.5,2,5.0,5.0,4.0,3.0,5.0,5.0,4.0,1.0,3.0,3.0,3.0,3.0,3.0,3.0,,4,Price;Driving range;Charging speed;Brand;Design & comfort,0.0,Dissatisfaction with performance,2,3,3,4.345413352438886,2.61173553544195,1,1,1,1,1,1.7142857142857144,1.7202635094503294
United States,3,,Average national income,Salaried employee,1.0,Petrol / Diesel,none,0.5,4,2.0,4.0,3.0,2.0,1.0,5.0,1.0,2.0,1.0,2.0,1.0,1.0,2.0,2.0,2.0,3,Driving range;Charging speed,0.0,not_applicable,2,2,3,2.133065379690719,1.546727907883871,0,1,0,0,1,1.0000000000000002,1.0202305343005047
India,2,2.0,Average national income,Other,0.0,Do not own a vehicle,none,1.0,2,4.0,5.0,3.0,5.0,5.0,3.0,5.0,2.0,2.0,4.0,3.0,3.0,3.0,3.0,,2,Price;Driving range;Charging speed;Design & comfort,0.0,not_applicable,4,3,3,4.368706873644782,2.6017372392761042,1,1,0,1,1,1.4285714285714284,1.7140266472439925
India,3,1.0,Average national income,Other,1.0,Petrol / Diesel,none,0.5,1,,,,,,,,2.0,2.0,2.0,2.0,2.0,4.0,4.0,2.0,2,Driving range,0.0,Financial reasons,3,3,4,,2.565522242482837,0,1,0,0,0,,
India,2,4.0,Above average national income,Homemaker,1.0,Petrol / Diesel,Hyundai,0.5,1,,,,,,,,2.0,5.0,5.0,4.0,5.0,5.0,5.0,2.0,3,Price;Driving range;Charging speed,0.0,Upgrade to newer model,3,5,5,,4.393012920767058,1,1,0,0,1,,
India,2,4.0,Above average national income,Homemaker,1.0,Petrol / Diesel,Hyundai,0.5,1,,,,,,,,2.0,5.0,5.0,4.0,5.0,5.0,5.0,2.0,3,Price;Driving range;Charging speed,0.0,Upgrade to newer model,3,5,5,,4.475169927416431,1,1,0,0,1,,
India,1,3.0,Prefer not to say,Salaried employee,1.0,Petrol / Diesel,none,0.5,2,3.0,3.0,1.0,5.0,5.0,3.0,2.0,5.0,5.0,5.0,3.0,3.0,5.0,5.0,2.0,3,Brand,,not_applicable,5,3,4,3.415714511899872,4.205434263961939,0,0,1,0,0,-1.285714285714286,1.0
India,3,1.0,Average national income,Business owner / Self-employed,1.0,Electric Vehicle (EV),Tesla,0.0,2,5.0,5.0,4.0,5.0,5.0,4.0,3.0,,,,,,,,2.0,2,Price;Driving range;Charging speed;Design & comfort,0.0,not_applicable,3,4,5,4.417761867710271,,1,1,0,1,1,,
India,1,4.0,Average national income,Salaried employee,1.0,Petrol / Diesel,none,1.0,1,5.0,5.0,5.0,5.0,5.0,5.0,5.0,5.0,5.0,5.0,5.0,5.0,5.0,5.0,2.0,2,Design & comfort,0.0,Dissatisfaction with performance,5,5,5,4.977527424549647,5.0,0,0,0,1,0,0.0,1.0
India,1,4.0,Below average national income,Other,1.0,Petrol / Diesel,none,0.0,1,,,,,,,,3.0,4.0,5.0,4.0,4.0,5.0,5.0,,3,Price;Charging speed;Design & comfort,,not_applicable,4,2,3,,4.024434180692192,1,0,0,1,1,,
United Kingdom,2,2.0,Above average national income,Salaried employee,1.0,Petrol / Diesel,none,0.5,4,,,,,,,,3.0,4.0,4.0,5.0,4.0,5.0,4.0,2.0,3,Price;Driving range;Charging speed,,not_applicable,3,5,3,,4.163426231779535,1,1,0,0,1,,
United States,3,4.0,Prefer not to say,Salaried employee,1.0,Petrol / Diesel,none,0.5,2,,,,,,,,4.0,5.0,5.0,3.0,4.0,5.0,5.0,,2,Price;Driving range;Charging speed;Brand;Design & comfort,,not_applicable,4,4,3,,4.504869656369556,1,1,1,1,1,,
Bahrain,3,2.0,Average national income,Salaried employee,1.0,Petrol / Diesel,none,1.0,2,4.0,5.0,3.0,5.0,5.0,5.0,5.0,,5.0,5.0,5.0,5.0,5.0,5.0,2.0,2,Driving range,1.0,Financial reasons,3,3,3,4.319461582385993,5.0,0,1,0,0,0,-0.4285714285714288,1.0
India,3,3.0,Above average national income,Salaried employee,1.0,Petrol / Diesel,none,0.5,1,,,,,,,,2.0,5.0,4.0,2.0,5.0,4.0,5.0,,2,Price;Driving range;Charging speed;Brand;Design & comfort,0.0,not_applicable,3,4,4,,3.8955170473642533,1,1,1,1,1,,
India,2,4.0,Above average national income,Homemaker,1.0,Petrol / Diesel,Hyundai,0.5,1,,,,,,,,2.0,5.0,5.0,4.0,5.0,5.0,5.0,2.0,3,Price;Driving range;Charging speed,0.0,Upgrade to newer model,3,5,5,,4.13928849492305,1,1,0,0,1,,
India,2,2.0,Above average national income,Business owner / Self-employed,1.0,Petrol / Diesel,none,1.0,1,5.0,5.0,5.0,5.0,5.0,5.0,5.0,4.0,5.0,5.0,3.0,5.0,5.0,5.0,,4,Driving range;Charging speed;Brand,0.0,not_applicable,5,5,5,5.0,4.26024786082414,0,1,1,0,1,0.4285714285714288,1.0
United States,3,4.0,Average national income,Retired,1.0,Petrol / Diesel,none,1.0,2,,,,,,,,3.0,2.0,2.0,4.0,4.0,3.0,2.0,2.0,2,Price;Driving range;Charging speed;Design & comfort,0.0,not_applicable,2,2,2,,3.175313182047858,1,1,0,1,1,,
India,3,4.0,Above average national income,Salaried employee,1.0,Hybrid,Toyota,0.0,2,3.0,5.0,3.0,5.0,5.0,4.0,5.0,5.0,5.0,5.0,5.0,5.0,5.0,5.0,2.0,4,Driving range;Brand,0.0,not_applicable,4,3,5,4.209375276368856,4.787315956312186,0,1,1,0,0,-0.7142857142857144,1.0
India,3,3.0,Prefer not to say,Salaried employee,1.0,Petrol / Diesel,none,0.0,3,,,,,,,,4.0,4.0,5.0,5.0,4.0,5.0,5.0,,4,Driving range,,not_applicable,5,5,1,,4.69318646121772,0,1,0,0,0,,
United Arab Emirates,3,2.0,Average national income,Salaried employee,1.0,Petrol / Diesel,none,0.5,1,,,,,,,,3.0,2.0,2.0,2.0,2.0,2.0,4.0,2.0,1,Driving range,,not_applicable,3,2,3,,2.637597444931839,0,1,0,0,0,,
India,3,3.0,Prefer not to say,Salaried employee,1.0,Petrol / Diesel,none,0.0,3,,,,,,,,4.0,4.0,5.0,5.0,4.0,5.0,5.0,,4,Driving range,,not_applicable,5,5,1,,4.481809233286171,0,1,0,0,0,,
India,2,1.0,Prefer not to say,Other,1.0,Petrol / Diesel,none,0.5,2,,,,,,,,2.0,4.0,4.0,4.0,5.0,5.0,4.0,,2,Driving range;Charging speed;Design & comfort,,not_applicable,5,3,4,,3.777197828465045,0,1,0,1,1,,
India,2,3.0,Average national income,Business owner / Self-employed,1.0,Electric Vehicle (EV),Tata Motors,0.0,2,5.0,5.0,1.0,5.0,5.0,3.0,3.0,5.0,5.0,5.0,5.0,5.0,5.0,5.0,2.0,4,Price;Driving range;Design & comfort,1.0,Upgrade to newer model,3,4,3,3.9855687275824803,4.98452839082063,1,1,0,1,0,-1.1428571428571428,1.0
United Arab Emirates,3,2.0,Above average national income,Salaried employee,1.0,Petrol / Diesel,none,0.0,1,,,,,,,,1.0,1.0,2.0,1.0,2.0,3.0,3.0,,4,Driving range;Charging speed;Brand;Design & comfort,0.0,not_applicable,3,1,3,,1.7857312676271857,0,1,1,1,1,,
India,3,4.0,Above average national income,Salaried employee,1.0,Petrol / Diesel,none,0.5,2,,,,,,,,3.0,5.0,4.0,3.0,3.0,4.0,5.0,2.0,2,Price;Driving range;Charging speed,0.0,not_applicable,4,3,4,,3.9278112798961975,1,1,0,0,1,,
India,2,2.0,Prefer not to say,Salaried employee,1.0,Electric Vehicle (EV),Tata Motors,0.5,2,5.0,5.0,4.0,3.0,5.0,5.0,4.0,1.0,3.0,3.0,3.0,3.0,3.0,3.0,,4,Price;Driving range;Charging speed;Brand;Design & comfort,0.0,Dissatisfaction with performance,2,3,3,4.6000944146410445,2.987644825247308,1,1,1,1,1,1.7142857142857144,1.7742599180527938
India,2,3.0,Prefer not to say,Salaried employee,0.0,Do not own a vehicle,none,1.0,2,,,,,,,,4.0,5.0,3.0,1.0,5.0,3.0,2.0,,2,Driving range,,not_applicable,4,4,1,,3.1100510316002574,0,1,0,0,0,,
India,3,4.0,Above average national income,Business owner / Self-employed,1.0,Petrol / Diesel,none,0.5,2,,,,,,,,3.0,3.0,3.0,3.0,3.0,3.0,3.0,2.0,2,Price;Driving range;Charging speed;Brand;Design & comfort,,not_applicable,3,4,3,,3.128137147058351,1,1,1,1,1,,
India,3,2.0,Above average national income,Salaried employee,1.0,Petrol / Diesel,none,1.0,3,3.0,5.0,2.0,4.0,4.0,5.0,4.0,3.0,1.0,5.0,4.0,3.0,5.0,5.0,,2,Driving range;Charging speed;Design & comfort,0.0,not_applicable,5,3,3,3.8907097854994785,4.118360656366691,0,1,0,1,1,0.1428571428571428,1.0
India,1,4.0,Average national income,Salaried employee,1.0,Electric Vehicle (EV),Tata Motors,0.0,3,5.0,5.0,1.0,5.0,5.0,5.0,5.0,3.0,3.0,4.0,4.0,4.0,5.0,2.0,2.0,4,Price;Driving range;Brand;Design & comfort,0.0,not_applicable,2,5,5,4.542849627626496,3.8038359781321556,1,1,1,1,0,0.8571428571428572,1.0
India,3,1.0,Average national income,Salaried employee,0.0,Do not own a vehicle,Tata Motors,0.5,1,4.0,5.0,5.0,5.0,5.0,4.0,4.0,4.0,5.0,5.0,5.0,5.0,5.0,4.0,,2,Charging speed,0.0,Charging inconvenience,4,5,3,4.517105516248695,4.817924184957046,0,0,0,0,1,-0.14285714285714324,1.0
India,3,1.0,Average national income,Salaried employee,1.0,Electric Vehicle (EV),Volvo,1.0,2,5.0,5.0,5.0,5.0,3.0,3.0,1.0,4.0,5.0,3.0,4.0,5.0,5.0,5.0,,2,Charging speed,0.0,Battery degradation,1,5,5,4.154412497888743,4.453289418312263,0,0,0,0,1,-0.5714285714285716,1.0
United Arab Emirates,3,2.0,Average national income,Salaried employee,1.0,Petrol / Diesel,none,0.5,1,,,,,,,,3.0,2.0,2.0,2.0,2.0,2.0,4.0,2.0,1,Driving range,,not_applicable,3,2,3,,2.316992069661457,0,1,0,0,0,,
United Kingdom,2,4.0,Prefer not to say,Business owner / Self-employed,1.0,Petrol / Diesel,none,0.0,4,,,,,,,,3.0,5.0,5.0,5.0,5.0,5.0,3.0,2.0,3,Price;Driving range;Charging speed;Brand,,not_applicable,5,1,1,,4.3289724473450155,1,1,1,0,1,,
India,3,2.0,Above average national income,Salaried employee,1.0,Electric Vehicle (EV),Tata Motors,1.0,2,5.0,4.0,5.0,5.0,5.0,4.0,3.0,4.0,4.0,5.0,4.0,4.0,5.0,5.0,2.0,4,Price;Driving range;Charging speed;Design & comfort,0.0,Battery degradation,5,4,4,4.681584241150176,4.237945874196726,1,1,0,1,1,0.0,1.0
India,2,2.0,Average national income,Salaried employee,1.0,Petrol / Diesel,none,0.0,2,5.0,5.0,3.0,4.0,5.0,5.0,5.0,4.0,5.0,5.0,4.0,3.0,5.0,5.0,2.0,3,Price;Driving range;Charging speed;Brand;Design & comfort,0.0,not_applicable,5,4,4,4.662388347230614,4.142696126935714,1,1,1,1,1,0.14285714285714235,1.0
India,2,4.0,Below average national income,Salaried employee,1.0,Electric Vehicle (EV),Tata Motors,1.0,2,5.0,4.0,3.0,4.0,3.0,3.0,4.0,3.0,2.0,3.0,3.0,3.0,3.0,3.0,2.0,2,Price,0.0,Financial reasons,3,3,3,3.7663050000834466,2.991004964425176,1,0,0,0,0,0.8571428571428572,1.0
United States,3,4.0,Prefer not to say,Salaried employee,1.0,Petrol / Diesel,none,0.5,2,,,,,,,,4.0,5.0,5.0,3.0,4.0,5.0,5.0,,2,Price;Driving range;Charging speed;Brand;Design & comfort,,not_applicable,4,4,3,,4.171107131076892,1,1,1,1,1,,
United Arab Emirates,3,2.0,Below average national income,Salaried employee,1.0,Petrol / Diesel,none,1.0,2,,,,,,,,,,,,,,,,3,Price;Driving range;Charging speed;Design & comfort,,not_applicable,2,4,4,,,1,1,0,1,1,,
India,2,2.0,Average national income,Other,0.0,Do not own a vehicle,none,1.0,2,4.0,5.0,3.0,5.0,5.0,3.0,5.0,2.0,2.0,4.0,3.0,3.0,3.0,3.0,,2,Price;Driving range;Charging speed;Design & comfort,0.0,not_applicable,4,3,3,4.091122897105805,2.6019750919609246,1,1,0,1,1,1.4285714285714284,1.6614483449555095
United Arab Emirates,3,2.0,Average national income,Salaried employee,1.0,Petrol / Diesel,none,0.5,1,,,,,,,,3.0,2.0,2.0,2.0,2.0,2.0,4.0,2.0,1,Driving range,,not_applicable,3,2,3,,2.5465782079018067,0,1,0,0,0,,
United States,3,4.0,Above average national income,Salaried employee,1.0,Petrol / Diesel,Toyota,1.0,2,4.0,4.0,3.0,3.0,3.0,3.0,2.0,3.0,5.0,4.0,2.0,2.0,4.0,4.0,,3,Price;Charging speed;Brand;Design & comfort,0.0,not_applicable,3,4,3,3.2891680939777035,3.2800094080040347,1,0,1,1,1,-0.2857142857142856,1.0
India,3,4.0,Above average national income,Business owner / Self-employed,1.0,Petrol / Diesel,none,0.5,1,,,,,,,,,,,1.0,1.0,1.0,1.0,2.0,4,Driving range;Charging speed;Design & comfort,,not_applicable,1,1,1,,1.0,0,1,0,1,1,,
India,2,4.0,Above average national income,Salaried employee,1.0,Petrol / Diesel,none,0.5,1,,,,,,,,1.0,4.0,5.0,4.0,1.0,2.0,4.0,,1,Price;Driving range;Brand;Design & comfort,,not_applicable,3,4,5,,2.984490815100163,1,1,1,1,0,,
India,2,3.0,Average national income,Salaried employee,1.0,Electric Vehicle (EV),Tata Motors,1.0,2,5.0,5.0,3.0,2.0,3.0,3.0,3.0,4.0,4.0,4.0,4.0,3.0,5.0,4.0,2.0,3,Price;Driving range,0.0,Upgrade to newer model,4,4,3,3.5955715586151777,4.079588238581144,1,1,0,0,0,-0.5714285714285716,1.0
India,2,2.0,Average national income,Other,0.0,Do not own a vehicle,none,1.0,2,4.0,5.0,3.0,5.0,5.0,3.0,5.0,2.0,2.0,4.0,3.0,3.0,3.0,3.0,,2,Price;Driving range;Charging speed;Design & comfort,0.0,not_applicable,4,3,3,4.336524276139141,2.7529953068863273,1,1,0,1,1,1.4285714285714284,1.7225018617683006
India,3,4.0,Above average national income,Salaried employee,1.0,Petrol / Diesel,none,0.5,1,5.0,3.0,3.0,5.0,5.0,5.0,5.0,3.0,5.0,5.0,4.0,2.0,5.0,5.0,2.0,4,Price;Driving range;Design & comfort,0.0,not_applicable,5,5,5,4.2862687012839,4.098665441499024,1,1,0,1,0,0.2857142857142856,1.0
India,3,3.0,Above average national income,Salaried employee,1.0,Petrol / Diesel,none,0.5,1,,,,,,,,2.0,5.0,4.0,2.0,5.0,4.0,5.0,,2,Price;Driving range;Charging speed;Brand;Design & comfort,0.0,not_applicable,3,4,4,,4.088740140438351,1,1,1,1,1,,
India,3,4.0,Above average national income,Salaried employee,1.0,Hybrid,Toyota,0.0,2,3.0,5.0,3.0,5.0,5.0,4.0,5.0,5.0,5.0,5.0,5.0,5.0,5.0,5.0,2.0,4,Driving range;Brand,0.0,not_applicable,4,3,5,4.25282804819996,4.8858748840015105,0,1,1,0,0,-0.7142857142857144,1.0
India,2,1.0,Prefer not to say,Other,0.0,Petrol / Diesel,Suzuki,0.0,1,,,,,,,,4.0,5.0,5.0,3.0,4.0,5.0,5.0,2.0,4,Driving range,,not_applicable,5,4,4,,4.203976263435753,0,1,0,0,0,,
India,3,3.0,Above average national income,Salaried employee,1.0,Petrol / Diesel,none,0.5,1,,,,,,,,2.0,5.0,4.0,2.0,5.0,4.0,5.0,,2,Price;Driving range;Charging speed;Brand;Design & comfort,0.0,not_applicable,3,4,4,,3.6558256146473935,1,1,1,1,1,,
India,2,3.0,Average national income,Salaried employee,1.0,Electric Vehicle (EV),Tata Motors,1.0,2,5.0,5.0,3.0,2.0,3.0,3.0,3.0,4.0,4.0,4.0,4.0,3.0,5.0,4.0,2.0,3,Price;Driving range,0.0,Upgrade to newer model,4,4,3,3.1006487998722783,4.089083329663779,1,1,0,0,0,-0.5714285714285716,1.0
United Kingdom,2,2.0,Above average national income,Salaried employee,1.0,Petrol / Diesel,none,0.5,4,,,,,,,,3.0,4.0,4.0,5.0,4.0,5.0,4.0,2.0,3,Price;Driving range;Charging speed,,not_applicable,3,5,3,,4.3655614744444176,1,1,0,0,1,,
United Arab Emirates,3,2.0,Average national income,Salaried employee,1.0,Petrol / Diesel,Kia,1.0,3,4.0,4.0,5.0,5.0,5.0,4.0,5.0,3.0,5.0,3.0,3.0,4.0,4.0,3.0,2.0,4,Driving range;Charging speed;Design & comfort,,not_applicable,4,3,4,4.917078858948434,3.671704488252709,0,1,0,1,1,0.9999999999999996,1.0
India,3,4.0,Above average national income,Salaried employee,1.0,Petrol / Diesel,none,1.0,2,,,,,,,,4.0,5.0,5.0,4.0,5.0,4.0,5.0,2.0,4,Price;Driving range;Charging speed;Brand;Design & comfort,0.0,not_applicable,4,5,5,,4.791955524011997,1,1,1,1,1,,
India,3,1.0,Prefer not to say,Other,1.0,Electric Vehicle (EV),Mahindra Electric,1.0,2,4.0,4.0,4.0,4.0,5.0,5.0,3.0,4.0,3.0,5.0,3.0,1.0,2.0,3.0,2.0,2,Driving range,1.0,Upgrade to newer model,3,3,4,4.102960747433339,2.6854154362030505,0,1,0,0,0,1.1428571428571432,1.1580492277019687
India,2,2.0,Prefer not to say,Salaried employee,1.0,Petrol / Diesel,none,0.5,3,3.0,4.0,4.0,4.0,5.0,5.0,5.0,5.0,4.0,5.0,4.0,4.0,4.0,4.0,,3,Price;Driving range;Charging speed;Brand;Design & comfort,0.0,Upgrade to newer model,5,3,3,4.194163166741356,4.095284655224648,1,1,1,1,1,0.0,1.0
United States,3,3.0,Above average national income,Salaried employee,1.0,Electric Vehicle (EV),Mercedes-Benz,1.0,1,2.0,2.0,2.0,2.0,2.0,2.0,2.0,3.0,3.0,3.0,3.0,3.0,3.0,3.0,,1,Price;Driving range;Charging speed;Brand;Design & comfort,0.0,Charging inconvenience,3,3,3,1.753487608348599,2.9109248189392654,1,1,1,1,1,-1.0,1.0
